Original City,Original Country,Date,API City,API Country,API Longitude,API Latitude,Max Temperature,% Humidity,% Cloudiness,Wind Speed,Sunrise Time,Sunset Time
araguaina,br,1544411873,Araguaina,BR,-48.21,-7.19,22.55,97,76,1.76,1544431784,1544476906
manyoni,tz,1544411875,Manyoni,TZ,34.84,-5.75,17.65,92,88,1.51,1544411995,1544456818
kodiak,us,1544410500,Kodiak,US,-94.76,39.95,-2.9,95,1,1.31,1544448597,1544482434
nikolskoye,ru,1544409000,Nikolskoye,RU,30.79,59.7,-2.0,92,20,5.0,1544424289,1544446452
arenys de mar,es,1544409000,Arenys de Mar,ES,2.55,41.58,11.0,93,0,3.31,1544425529,1544458778
khandbari,np,1544411881,Khandbari,NP,87.21,27.38,-2.1,72,36,0.16,1544403010,1544440651
puerto ayora,ec,1544411883,Puerto Ayora,EC,-90.35,-0.74,22.28,100,0,4.91,1544442562,1544486360
mingoyo,tz,1544407200,Mingoyo,TZ,39.64,-10.1,25.0,100,40,1.36,1544410389,1544456120
puerto santander,co,1544411886,Puerto Santander,CO,-73.52,3.35,24.73,62,100,1.01,1544438937,1544481904
meulaboh,id,1544411887,Meulaboh,ID,96.13,4.14,28.25,100,0,1.21,1544398288,1544441095
grindavik,is,1544410800,Grindavik,IS,-22.43,63.84,3.0,93,75,8.2,1544439910,1544456384
ushuaia,ar,1544410800,Ushuaia,AR,-68.31,-54.81,11.0,53,20,2.6,1544428239,1544490132
avarua,ck,1544410800,Avarua,CK,-159.78,-21.21,25.0,100,90,4.6,1544457015,1544505249
saint-philippe,re,1544410800,Saint-Philippe,RE,55.77,-21.36,28.0,61,40,1.0,1544405255,1544453513
ponta do sol,cv,1544407200,Ponta do Sol,CV,-25.09,17.2,23.0,83,0,3.6,1544428764,1544468820
yunhe,cn,1544411894,Yunhe,CN,119.57,28.12,5.18,89,92,0.26,1544395336,1544432787
busselton,au,1544411895,Busselton,AU,115.35,-33.64,23.83,75,0,5.01,1544389282,1544440883
zhuhai,cn,1544410800,Zhuhai,CN,112.04,40.71,-11.0,56,0,2.0,1544399074,1544432661
alice springs,au,1544409000,Alice Springs,AU,133.88,-23.7,35.0,15,0,5.1,1544386218,1544435047
ambala,in,1544409000,Ambala,IN,76.77,30.38,12.0,76,40,1.5,1544405916,1544442757
new norfolk,au,1544410800,New Norfolk,AU,147.06,-42.78,19.0,42,75,5.7,1544380019,1544434927
nanzhou,cn,1544411901,Nanzhou,CN,112.41,29.37,1.93,99,92,4.36,1544397221,1544434339
heishan,cn,1544411902,Heishan,CN,122.12,41.69,-7.95,70,32,2.61,1544396836,1544430059
grand gaube,mu,1544410800,Grand Gaube,MU,57.66,-20.01,24.0,94,75,2.1,1544404962,1544452898
martapura,id,1544411868,Martapura,ID,114.85,-3.41,29.63,87,36,1.66,1544393027,1544437369
ostrovnoy,ru,1544411907,Ostrovnoy,RU,39.51,68.05,-4.53,91,56,5.61,0,0
sorland,no,1544411908,Sorland,NO,12.69,67.67,5.48,100,88,13.66,1544437638,1544441790
chesterton,us,1544410560,Chesterton,US,-87.06,41.61,-1.0,81,1,1.86,1544447054,1544480280
san rafael,ar,1544411695,San Rafael,AR,-68.33,-34.61,17.98,17,0,3.16,1544433216,1544485144
hilo,us,1544410800,Hilo,US,-155.08,19.71,23.3,78,75,3.6,1544460257,1544499742
opuwo,na,1544411913,Opuwo,NA,13.84,-18.06,6.5,66,0,1.16,1544415708,1544463191
jamestown,sh,1544411914,Jamestown,SH,-5.72,-15.94,20.73,100,92,7.36,1544420644,1544467647
bredasdorp,za,1544407200,Bredasdorp,ZA,20.04,-34.53,14.0,93,0,7.16,1544412018,1544463911
castro,cl,1544410800,Castro,CL,-73.76,-42.48,12.0,100,90,5.7,1544433079,1544487893
atbasar,kz,1544411918,Atbasar,KZ,68.36,51.81,-24.48,57,24,2.26,1544412140,1544440565
leshukonskoye,ru,1544411919,Leshukonskoye,RU,45.76,64.9,-5.18,78,80,2.96,1544424565,1544438986
san patricio,mx,1544406000,San Patricio,MX,-104.7,19.22,26.0,69,20,3.1,1544448104,1544487704
nemuro,jp,1544410800,Nemuro,JP,145.57,43.32,-4.0,49,20,7.7,1544391523,1544424112
cascais,pt,1544409000,Cascais,PT,-9.42,38.7,12.0,93,36,3.1,1544427885,1544462170
kenora,ca,1544410500,Kenora,CA,-94.48,49.76,-11.0,85,1,2.1,1544450667,1544480227
assiniboia,ca,1544411925,Assiniboia,CA,-105.99,49.63,-7.23,77,0,5.11,1544453397,1544483024
bethel,us,1544410560,Bethel,US,-161.76,60.79,-6.7,91,1,3.6,1544471166,1544492029
naze,jp,1544410800,Naze,JP,129.48,28.37,17.0,93,75,8.2,1544392989,1544430375
port-gentil,ga,1544411928,Port-Gentil,GA,8.78,-0.72,25.75,100,88,2.06,1544418765,1544462560
lagoa,pt,1544409000,Lagoa,PT,-8.45,37.14,11.0,87,0,1.21,1544427390,1544462200
mahebourg,mu,1544410800,Mahebourg,MU,57.7,-20.41,24.0,94,75,2.1,1544404905,1544452936
port elizabeth,za,1544410800,Port Elizabeth,ZA,25.57,-33.92,12.0,93,0,0.5,1544410788,1544462486
narsaq,gl,1544411933,Narsaq,GL,-46.05,60.91,-8.35,69,44,3.26,1544443439,1544464197
cape town,za,1544410800,Cape Town,ZA,18.42,-33.93,17.0,72,0,3.6,1544412502,1544464204
iraucuba,br,1544411935,Iraucuba,BR,-39.78,-3.75,24.48,90,92,1.56,1544430114,1544474527
dikson,ru,1544411937,Dikson,RU,80.55,73.51,-4.68,98,80,9.36,0,0
upernavik,gl,1544411938,Upernavik,GL,-56.15,72.79,-14.43,100,0,3.41,0,0
saint george,bm,1544410500,Saint George,BM,-64.68,32.38,19.0,88,90,10.3,1544440162,1544476428
diamantino,br,1544411940,Diamantino,BR,-56.44,-14.4,24.33,91,48,2.61,1544432991,1544479653
saint-francois,gp,1544410800,Saint-Francois,GP,-61.27,16.25,24.0,78,0,3.6,1544437346,1544477610
albany,au,1544410800,Albany,AU,117.88,-35.02,21.0,64,75,3.6,1544388455,1544440496
constitucion,mx,1544410140,Constitucion,MX,-104.67,23.99,9.0,66,5,3.1,1544448657,1544487136
ajdabiya,ly,1544411951,Ajdabiya,LY,20.22,30.75,15.93,87,92,4.01,1544419545,1544456280
hobart,au,1544410800,Hobart,AU,147.33,-42.88,19.0,42,75,5.7,1544379933,1544434884
kungurtug,ru,1544411691,Kungurtug,RU,97.53,50.6,-34.08,38,0,1.31,1544404783,1544433916
zhigansk,ru,1544411954,Zhigansk,RU,123.37,66.77,-34.93,53,36,3.91,1544408539,1544417746
umm kaddadah,sd,1544411956,Umm Kaddadah,SD,26.69,13.6,12.28,51,0,5.41,1544415940,1544456782
inuvik,ca,1544411760,Inuvik,CA,-133.71,68.36,-18.0,84,90,1.5,0,0
uyuni,bo,1544411959,Uyuni,BO,-66.82,-20.46,6.68,83,36,1.66,1544434790,1544482839
kaifeng,cn,1544410800,Kaifeng,CN,114.35,34.8,0.0,60,88,2.0,1544397532,1544433095
rovaniemi,fi,1544410200,Rovaniemi,FI,25.72,66.5,0.0,90,75,2.6,1544431538,1544441634
kundiawa,pg,1544411963,Kundiawa,PG,144.97,-6.02,17.78,99,92,0.96,1544385529,1544430406
tasiilaq,gl,1544410200,Tasiilaq,GL,-37.64,65.61,-2.0,46,8,10.8,1544445455,1544458140
ulladulla,au,1544410800,Ulladulla,AU,150.48,-35.36,25.0,61,0,5.7,1544380575,1544432724
mount gambier,au,1544407200,Mount Gambier,AU,140.78,-37.83,21.0,52,0,6.2,1544382482,1544435475
vaini,to,1544411968,Vaini,TO,-175.2,-21.2,24.73,100,0,6.96,1544460718,1544508950
georgetown,sh,1544411969,Georgetown,SH,-14.42,-7.93,24.23,100,92,7.31,1544423595,1544468871
jinxiang,cn,1544411972,Jinxiang,CN,116.31,35.07,0.98,51,76,3.36,1544397103,1544432583
saldanha,za,1544410800,Saldanha,ZA,17.94,-33.01,14.0,87,0,1.5,1544412761,1544464175
hobyo,so,1544411975,Hobyo,SO,48.53,5.35,25.33,89,8,6.36,1544409839,1544452399
tiksi,ru,1544411978,Tiksi,RU,128.87,71.64,-34.08,48,0,5.46,0,0
andros town,bs,1544410800,Andros Town,BS,-77.79,24.73,26.0,88,20,2.6,1544442294,1544480592
barinitas,ve,1544411981,Barinitas,VE,-70.41,8.76,16.63,88,0,0.96,1544438744,1544480602
longyearbyen,sj,1544410200,Longyearbyen,SJ,15.64,78.22,-8.0,61,75,6.2,0,0
rikitea,pf,1544411983,Rikitea,PF,-134.97,-23.12,25.83,99,68,6.81,1544450826,1544499527
sao filipe,cv,1544411984,Sao Filipe,CV,-24.5,14.9,24.18,96,0,4.66,1544428370,1544468931
homer,us,1544410380,Homer,US,-151.54,59.64,1.1,66,90,5.1,1544468060,1544490228
waycross,us,1544409420,Waycross,US,-82.35,31.21,7.0,90,90,3.6,1544444239,1544480836
kathmandu,np,1544410200,Kathmandu,NP,85.32,27.71,9.0,87,20,1.0,1544403506,1544441062
tautira,pf,1544410800,Tautira,PF,-149.15,-17.73,28.0,78,90,5.7,1544454872,1544502287
tuktoyaktuk,ca,1544407200,Tuktoyaktuk,CA,-133.03,69.44,-14.0,77,90,7.2,0,0
punta arenas,cl,1544410800,Punta Arenas,CL,-70.91,-53.16,12.0,66,90,4.6,1544429492,1544490124
atuona,pf,1544411994,Atuona,PF,-139.03,-9.8,26.88,100,76,7.31,1544453313,1544498985
solnechnyy,ru,1544411996,Solnechnyy,RU,136.64,50.72,-21.85,61,24,1.96,1544395423,1544424497
kudahuvadhoo,mv,1544411997,Kudahuvadhoo,MV,72.89,2.67,28.8,98,92,3.61,1544403718,1544446824
arman,ru,1544411998,Arman,RU,150.17,59.7,-14.95,57,0,5.81,1544395609,1544417811
arraial do cabo,br,1544411999,Arraial do Cabo,BR,-42.02,-22.97,21.9,94,0,5.86,1544428532,1544477190
faanui,pf,1544412001,Faanui,PF,-151.75,-16.48,28.83,98,56,7.06,1544455639,1544502769
chokurdakh,ru,1544412002,Chokurdakh,RU,147.9,70.62,-34.68,51,32,4.01,0,0
kyaikkami,mm,1544412003,Kyaikkami,MM,97.57,16.08,28.75,69,8,1.71,1544399190,1544439498
oriximina,br,1544412004,Oriximina,BR,-55.87,-1.77,23.75,98,24,1.01,1544434179,1544478188
kapaa,us,1544410560,Kapaa,US,-159.32,22.08,25.0,73,90,11.3,1544461550,1544500484
chuy,uy,1544412010,Chuy,UY,-53.46,-33.69,20.13,73,88,6.11,1544429793,1544481426
fortuna,us,1544410500,Fortuna,US,-124.16,40.6,11.7,100,90,1.5,1544455775,1544489373
karratha,au,1544412012,Karratha,AU,116.85,-20.74,39.88,29,0,3.76,1544390667,1544438773
oranjestad,aw,1544410800,Oranjestad,AW,-70.03,12.52,26.0,69,20,10.3,1544439047,1544480116
esperance,au,1544410800,Esperance,AU,121.89,-33.86,33.0,31,0,6.2,1544387678,1544439347
cururupu,br,1544412015,Cururupu,BR,-44.87,-1.82,24.83,94,44,1.56,1544431533,1544475552
east london,za,1544410800,East London,ZA,27.91,-33.02,15.0,82,20,2.6,1544410366,1544461783
hirara,jp,1544410800,Hirara,JP,125.28,24.8,22.0,94,75,10.8,1544393544,1544431838
trairi,br,1544412019,Trairi,BR,-39.27,-3.28,25.9,100,48,4.86,1544430040,1544474357
nazilli,tr,1544412021,Nazilli,TR,28.32,37.91,5.48,100,92,0.91,1544418688,1544453246
butaritari,ki,1544412023,Butaritari,KI,172.79,3.07,29.18,100,56,4.71,1544379775,1544422800
labytnangi,ru,1544412024,Labytnangi,RU,66.39,66.66,-14.13,72,48,2.66,1544422040,1544431604
vila do maio,cv,1544410800,Vila do Maio,CV,-23.22,15.13,23.0,78,0,5.1,1544428088,1544468598
tsabong,bw,1544412026,Tsabong,BW,22.4,-26.02,14.65,24,0,3.91,1544412680,1544462112
cap malheureux,mu,1544410800,Cap Malheureux,MU,57.61,-19.98,24.0,94,75,2.1,1544404978,1544452906
cabo san lucas,mx,1544409720,Cabo San Lucas,MX,-109.91,22.89,20.0,72,5,0.31,1544449783,1544488526
geraldton,au,1544410800,Geraldton,AU,114.6,-28.77,22.0,73,90,7.2,1544390178,1544440345
husavik,is,1544412031,Husavik,IS,-17.34,66.04,-14.0,100,0,2.96,1544441166,1544452682
bubaque,gw,1544412032,Bubaque,GW,-15.83,11.28,26.65,100,0,4.01,1544425903,1544467236
bluff,nz,1544412034,Bluff,NZ,168.33,-46.6,11.8,100,0,5.16,1544374038,1544430699
mayor pablo lagerenza,py,1544412035,Mayor Pablo Lagerenza,PY,-60.77,-19.93,27.08,75,36,1.66,1544433401,1544481324
khorramabad,ir,1544410200,Khorramabad,IR,48.35,33.48,2.0,93,0,1.0,1544413182,1544449136
bosaso,so,1544412038,Bosaso,SO,49.18,11.28,23.83,100,36,1.46,1544410295,1544451629
luderitz,na,1544412039,Luderitz,NA,15.16,-26.65,14.98,77,0,8.96,1544414335,1544463934
camacha,pt,1544409000,Camacha,PT,-16.33,33.08,17.0,77,75,2.6,1544428654,1544464720
dingle,ie,1544412043,Dingle,IE,-10.27,52.14,9.33,98,48,4.11,1544431125,1544459334
chapais,ca,1544409000,Chapais,CA,-74.86,49.78,-11.0,85,90,2.6,1544445961,1544475513
chimbote,pe,1544412047,Chimbote,PE,-78.59,-9.08,17.68,100,8,2.96,1544438879,1544484398
hay river,ca,1544410800,Hay River,CA,-115.79,60.82,-3.0,79,20,5.1,1544460140,1544480982
fort nelson,ca,1544407200,Fort Nelson,CA,-122.69,58.81,-14.0,84,75,1.5,1544460703,1544483733
pisco,pe,1544410800,Pisco,PE,-76.2,-13.71,19.0,88,0,2.1,1544437810,1544484321
hermanus,za,1544412052,Hermanus,ZA,19.24,-34.42,7.28,96,0,1.36,1544412228,1544464085
kaitangata,nz,1544412054,Kaitangata,NZ,169.85,-46.28,12.58,83,48,4.81,1544373752,1544430254
tucupita,ve,1544412055,Tucupita,VE,-62.05,9.06,25.08,75,20,2.51,1544436768,1544478563
ilulissat,gl,1544410200,Ilulissat,GL,-51.1,69.22,-13.0,50,0,6.7,0,0
mitu,co,1544412058,Mitu,CO,-70.17,1.2,24.28,91,64,1.16,1544437914,1544481318
havelock,us,1544410680,Havelock,US,-76.9,34.88,10.6,96,90,8.2,1544443468,1544478988
san cristobal,ec,1544412061,San Cristobal,EC,-79.44,-1.02,16.55,92,68,0.31,1544439914,1544483770
ramos arizpe,mx,1544409600,Ramos Arizpe,MX,-100.95,25.54,9.0,81,5,1.11,1544447955,1544486051
severo-kurilsk,ru,1544412063,Severo-Kurilsk,RU,156.12,50.68,-1.5,100,64,6.61,1544390734,1544419834
rawson,ar,1544412047,Rawson,AR,-65.11,-43.3,20.3,35,0,3.41,1544430829,1544485991
russell,nz,1544412066,Russell,NZ,174.12,-35.26,24.8,42,24,6.56,1544374917,1544427031
taltal,cl,1544412067,Taltal,CL,-70.49,-25.41,14.03,87,0,0.96,1544435057,1544484336
port alfred,za,1544412068,Port Alfred,ZA,26.89,-33.59,16.73,100,12,2.41,1544410523,1544462117
churapcha,ru,1544412070,Churapcha,RU,132.43,62.0,-35.1,52,36,1.66,1544401259,1544420678
chicama,pe,1544410800,Chicama,PE,-79.15,-7.84,20.0,88,40,3.1,1544439144,1544484402
gebog,id,1544412073,Gebog,ID,110.84,-6.74,29.0,97,32,1.51,1544393648,1544438674
barrow,us,1544410500,Barrow,US,-90.4,39.51,-3.3,93,1,3.56,1544447472,1544481466
bundaberg,au,1544410800,Bundaberg,AU,152.35,-24.87,29.0,48,88,7.7,1544381636,1544430760
uglovskoye,ru,1544412076,Uglovskoye,RU,80.19,51.36,-26.25,45,0,1.31,1544409165,1544437860
tuatapere,nz,1544412077,Tuatapere,NZ,167.69,-46.13,14.75,85,32,3.06,1544374307,1544430736
praia,cv,1544410800,Praia,CV,-23.51,14.92,23.0,78,0,5.1,1544428135,1544468691
bambous virieux,mu,1544410800,Bambous Virieux,MU,57.76,-20.34,24.0,94,75,2.1,1544404899,1544452913
vilhena,br,1544412083,Vilhena,BR,-60.15,-12.74,23.38,89,24,0.96,1544434062,1544480362
kavaratti,in,1544412084,Kavaratti,IN,72.64,10.57,29.43,98,0,3.91,1544404588,1544446072
verkhnevilyuysk,ru,1544412085,Verkhnevilyuysk,RU,120.31,63.45,-30.45,68,36,2.51,1544405269,1544422487
provideniya,ru,1544410800,Provideniya,RU,-173.23,64.42,-12.0,60,44,8.0,1544476700,1544492000
mount isa,au,1544410800,Mount Isa,AU,139.49,-20.73,37.0,23,0,6.7,1544385234,1544433336
key largo,us,1544410560,Key Largo,US,-80.45,25.09,22.2,90,75,3.1,1544442977,1544481186
nisia floresta,br,1544410800,Nisia Floresta,BR,-35.21,-6.09,27.0,78,40,2.1,1544428777,1544473671
nantucket,us,1544410560,Nantucket,US,-70.1,41.28,1.7,71,1,6.16,1544442919,1544476271
lebu,cl,1544412092,Lebu,CL,-73.65,-37.62,14.38,100,80,3.91,1544433986,1544486930
srednekolymsk,ru,1544412094,Srednekolymsk,RU,153.71,67.46,-33.28,44,64,1.31,1544402879,1544408837
thompson,ca,1544407200,Thompson,CA,-97.86,55.74,-17.0,84,5,1.0,1544453399,1544479116
pangnirtung,ca,1544412097,Pangnirtung,CA,-65.72,66.15,-30.08,97,0,1.51,1544452963,1544464115
monrovia,lr,1544410800,Monrovia,LR,-10.8,6.33,25.0,100,75,3.31,1544424183,1544466542
lac du bonnet,ca,1544412100,Lac du Bonnet,CA,-96.06,50.25,-17.78,63,0,1.96,1544451180,1544480472
oleksandrivka,ua,1544412102,Oleksandrivka,UA,32.24,48.97,-1.83,96,56,1.51,1544420025,1544450024
nongan,cn,1544410800,Nongan,CN,125.17,44.43,-10.0,33,0,2.0,1544396651,1544428779
brownsville,us,1544410380,Brownsville,US,-97.49,25.91,11.1,82,1,2.6,1544447171,1544485174
mar del plata,ar,1544411807,Mar del Plata,AR,-67.52,-46.43,19.65,46,0,8.96,1544430682,1544487298
la rioja,ar,1544411885,La Rioja,AR,-66.86,-29.41,22.83,54,0,1.71,1544433646,1544484006
comodoro rivadavia,ar,1544410800,Comodoro Rivadavia,AR,-67.48,-45.87,21.0,37,0,6.7,1544430809,1544487150
kruisfontein,za,1544412110,Kruisfontein,ZA,24.73,-34.0,14.83,92,0,3.56,1544410977,1544462700
richards bay,za,1544412111,Richards Bay,ZA,32.06,-28.77,18.58,100,92,6.91,1544409991,1544460164
magadan,ru,1544412112,Magadan,RU,150.8,59.56,-11.18,100,8,7.46,1544395384,1544417734
paamiut,gl,1544412113,Paamiut,GL,-49.67,61.99,-1.83,100,12,4.81,1544445007,1544464367
te anau,nz,1544412116,Te Anau,NZ,167.72,-45.41,18.05,55,56,0.86,1544374473,1544430556
derzhavinsk,kz,1544412117,Derzhavinsk,KZ,66.31,51.1,-25.73,64,0,1.31,1544412423,1544441266
duluth,us,1544411700,Duluth,US,-92.13,46.77,-6.4,89,1,2.6,1544449355,1544480412
gore,et,1544412120,Gore,ET,35.53,8.15,15.78,93,92,1.46,1544413247,1544455232
mbandaka,cd,1544412121,Mbandaka,CD,18.26,0.05,21.93,100,20,1.51,1544416568,1544460205
lorengau,pg,1544412123,Lorengau,PG,147.27,-2.02,29.55,98,56,3.76,1544385385,1544429444
kununurra,au,1544410800,Kununurra,AU,128.74,-15.77,39.0,37,8,2.6,1544388385,1544435344
manicore,br,1544412125,Manicore,BR,-61.3,-5.81,22.93,97,20,0.91,1544435069,1544479906
kendari,id,1544412126,Kendari,ID,122.52,-3.99,29.93,88,44,1.51,1544391127,1544435587
fairbanks,us,1544410680,Fairbanks,US,-147.72,64.84,-13.9,85,1,1.51,1544471006,1544485445
curup,id,1544412131,Curup,ID,102.53,-3.47,25.33,86,64,0.91,1544395979,1544440333
pacific grove,us,1544410500,Pacific Grove,US,-121.92,36.62,11.7,86,1,2.1,1544454553,1544489520
marsa matruh,eg,1544407200,Marsa Matruh,EG,27.25,31.35,14.0,82,0,5.7,1544417941,1544454508
atar,mr,1544412135,Atar,MR,-13.05,20.52,11.53,47,0,3.01,1544426248,1544465554
gijon,es,1544410800,Gijon,ES,-5.66,43.54,7.0,100,20,1.5,1544427885,1544460363
bar harbor,us,1544406960,Bar Harbor,US,-68.2,44.39,-2.2,65,75,2.6,1544443080,1544475197
beringovskiy,ru,1544412139,Beringovskiy,RU,179.32,63.05,-16.38,100,12,11.51,1544390763,1544408659
hambantota,lk,1544412140,Hambantota,LK,81.12,6.12,25.48,100,92,2.26,1544402093,1544444496
hashimoto,jp,1544410800,Hashimoto,JP,135.62,34.32,8.0,67,75,0.5,1544392352,1544428063
yulara,au,1544410800,Yulara,AU,130.99,-25.24,35.0,21,0,8.2,1544386716,1544435937
mugur-aksy,ru,1544412143,Mugur-Aksy,RU,90.44,50.38,-35.5,42,0,1.01,1544406424,1544435679
yellowknife,ca,1544407200,Yellowknife,CA,-114.38,62.45,-6.0,100,75,8.2,1544460882,1544479562
kiama,au,1544410800,Kiama,AU,150.86,-34.67,25.0,61,0,5.7,1544380596,1544432520
sosnogorsk,ru,1544412148,Sosnogorsk,RU,53.93,63.59,-6.33,85,88,1.96,1544421340,1544438289
sorong,id,1544412149,Sorong,ID,131.25,-0.86,29.08,100,8,1.56,1544389349,1544433172
uray,ru,1544412150,Uray,RU,64.8,60.13,-13.08,81,36,1.16,1544416354,1544438057
north bend,us,1544410560,North Bend,US,-124.22,43.41,9.4,96,90,2.1,1544456331,1544488845
gopalganj,in,1544412154,Gopalganj,IN,84.44,26.46,15.63,71,0,0.26,1544403557,1544441434
aviles,es,1544410800,Aviles,ES,-5.92,43.55,7.0,100,24,1.5,1544427950,1544460423
amanganj,in,1544412156,Amanganj,IN,80.04,24.43,13.78,72,48,1.31,1544404361,1544442743
kirakira,sb,1544412157,Kirakira,SB,161.92,-10.46,29.48,100,44,1.16,1544380996,1544426801
riyadh,sa,1544410800,Riyadh,SA,46.72,24.63,16.0,63,0,2.1,1544412386,1544450717
clyde river,ca,1544410800,Clyde River,CA,-68.59,70.47,-26.0,83,1,1.0,0,0
merauke,id,1544412161,Merauke,ID,140.4,-8.49,30.13,92,20,4.76,1544386370,1544431760
valday,ru,1544412162,Valday,RU,33.25,57.98,-2.7,95,92,3.06,1544422847,1544446714
broome,au,1544410800,Broome,AU,122.23,-17.97,38.0,39,0,4.6,1544389699,1544437157
cidreira,br,1544412164,Cidreira,BR,-50.22,-30.17,20.05,80,36,4.11,1544429543,1544480119
conceicao do araguaia,br,1544412165,Conceicao do Araguaia,BR,-49.26,-8.26,22.98,96,92,2.11,1544431924,1544477270
aksarka,ru,1544412167,Aksarka,RU,67.8,66.56,-12.2,82,56,4.36,1544421522,1544431446
kyshtovka,ru,1544412168,Kyshtovka,RU,76.62,56.56,-23.6,54,0,1.31,1544411814,1544436923
christchurch,nz,1544410800,Christchurch,NZ,172.64,-43.53,15.0,77,0,4.6,1544373718,1544428946
general roca,ar,1544410800,General Roca,AR,-67.58,-39.03,20.0,40,0,4.1,1544432275,1544485728
vallenar,cl,1544412172,Vallenar,CL,-70.76,-28.58,13.23,65,0,1.11,1544434698,1544484826
shache,cn,1544412173,Shache,CN,77.24,38.42,-10.83,81,36,1.31,1544407027,1544441418
banda aceh,id,1544412174,Banda Aceh,ID,95.32,5.56,26.63,99,8,1.36,1544398627,1544441144
srandakan,id,1544412176,Srandakan,ID,110.25,-7.94,27.43,94,92,1.86,1544393665,1544438941
jumla,np,1544412178,Jumla,NP,82.18,29.28,-8.08,82,0,0.91,1544404468,1544441608
isangel,vu,1544412179,Isangel,VU,169.27,-19.55,26.0,100,36,6.81,1544378224,1544426046
khatanga,ru,1544412180,Khatanga,RU,102.47,71.98,-20.45,82,68,4.81,0,0
tilichiki,ru,1544412181,Tilichiki,RU,166.1,60.47,-30.2,64,36,1.61,1544392209,1544413562
sitges,es,1544410800,Sitges,ES,1.82,41.24,11.0,66,0,4.1,1544425641,1544459017
kunming,cn,1544410800,Kunming,CN,102.71,25.04,13.0,54,40,8.0,1544398993,1544437226
torbay,ca,1544407200,Torbay,CA,-52.73,47.66,-4.0,79,75,12.3,1544440104,1544470744
ningxiang,cn,1544410800,Ningxiang,CN,112.55,28.28,3.0,93,90,4.0,1544397043,1544434451
whitehorse,ca,1544407200,Whitehorse,CA,-135.06,60.72,1.0,80,90,6.2,1544464710,1544485665
weston,us,1544410560,Weston,US,-71.3,42.37,0.0,62,12,5.7,1544443416,1544476351
saint-augustin,ca,1544410800,Saint-Augustin,CA,-73.98,45.63,-1.0,86,90,2.1,1544444737,1544476316
mikhaylovka,kz,1544410800,Mikhaylovka,KZ,69.46,54.89,-23.0,83,0,4.0,1544412891,1544439285
cherskiy,ru,1544412195,Cherskiy,RU,161.3,68.75,-27.73,78,64,2.31,0,0
hithadhoo,mv,1544412196,Hithadhoo,MV,73.08,-0.6,28.33,100,80,5.56,1544403341,1544447110
panubigan,ph,1544410800,Panubigan,PH,122.25,7.13,32.0,62,20,5.7,1544392322,1544434519
saskylakh,ru,1544412199,Saskylakh,RU,114.09,71.97,-29.25,60,44,2.96,0,0
qaanaaq,gl,1544412201,Qaanaaq,GL,-69.36,77.48,-18.68,100,64,9.21,0,0
aykhal,ru,1544412202,Aykhal,RU,111.51,65.95,-28.58,80,68,1.71,1544410054,1544421926
orcopampa,pe,1544412203,Orcopampa,PE,-72.34,-15.27,2.43,89,68,1.16,1544436711,1544483567
port blair,in,1544412204,Port Blair,IN,92.75,11.67,27.38,100,24,5.21,1544399875,1544441129
nyagan,ru,1544412205,Nyagan,RU,65.43,62.14,-10.53,84,36,2.41,1544417455,1544436652
vila franca do campo,pt,1544409000,Vila Franca do Campo,PT,-25.43,37.72,18.0,88,75,7.2,1544431564,1544466179
salvador,br,1544410800,Salvador,BR,-38.48,-12.98,28.0,78,40,3.1,1544428834,1544475185
magomeni,tz,1544407200,Magomeni,TZ,39.25,-6.8,26.0,100,20,2.76,1544410828,1544455868
petropavlovsk-kamchatskiy,ru,1544410800,Petropavlovsk-Kamchatskiy,RU,158.65,53.05,-10.0,51,68,3.0,1544390839,1544418513
anadyr,ru,1544410800,Anadyr,RU,177.51,64.73,-28.0,75,0,1.0,1544392715,1544407575
antsohihy,mg,1544412212,Antsohihy,MG,47.99,-14.88,23.58,94,56,2.31,1544407869,1544454633
okitipupa,ng,1544412213,Okitipupa,NG,4.78,6.5,22.9,95,56,1.11,1544420460,1544462784
kindu,cd,1544412215,Kindu,CD,25.92,-2.95,20.13,100,88,1.01,1544414424,1544458672
key west,us,1544411700,Key West,US,-96.78,47.93,-4.2,85,1,3.1,1544450749,1544481250
minas,uy,1544410800,Minas,UY,-55.24,-34.38,20.0,82,75,5.1,1544430111,1544481963
sarkand,kz,1544412218,Sarkand,KZ,79.91,45.41,-9.93,58,12,1.01,1544407731,1544439431
altamira,br,1544412005,Altamira,BR,-52.21,-3.2,23.88,96,76,1.11,1544433155,1544477455
nakhon thai,th,1544410800,Nakhon Thai,TH,100.84,17.1,28.0,65,75,3.6,1544398517,1544438601
seoul,kr,1544410800,Seoul,KR,126.98,37.57,0.1,64,0,1.0,1544394940,1544429623
dudinka,ru,1544412225,Dudinka,RU,86.18,69.41,-14.5,82,80,7.31,0,0
mumford,gh,1544412226,Mumford,GH,-0.76,5.26,25.25,93,24,2.26,1544421663,1544464241
chifeng,cn,1544412227,Chifeng,CN,118.96,42.27,-10.08,37,0,1.71,1544397706,1544430706
sibolga,id,1544412228,Sibolga,ID,98.78,1.74,25.15,93,32,0.81,1544397408,1544440703
okhotsk,ru,1544412230,Okhotsk,RU,143.24,59.36,-19.58,100,0,3.76,1544397096,1544419653
tabas,ir,1544407200,Tabas,IR,56.92,33.6,7.0,52,0,2.1,1544411142,1544447061
salalah,om,1544410200,Salalah,OM,54.1,17.01,21.0,56,0,1.0,1544409730,1544449831
bowen,au,1544410800,Bowen,AU,148.25,-20.01,27.0,83,90,8.7,1544383216,1544431147
at-bashi,kg,1544412235,At-Bashi,KG,75.81,41.17,-9.78,80,80,0.16,1544407860,1544441272
middelburg,za,1544412237,Middelburg,ZA,29.46,-25.77,14.9,84,56,5.56,1544411018,1544460384
firminy,fr,1544410800,Firminy,FR,4.29,45.39,8.0,70,90,2.6,1544425887,1544457584
ancud,cl,1544410800,Ancud,CL,-73.83,-41.87,12.0,100,90,5.7,1544433222,1544487783
teeli,ru,1544412240,Teeli,RU,90.2,51.01,-33.83,38,0,0.31,1544406660,1544435559
coahuayana,mx,1544412241,Coahuayana,MX,-100.35,18.62,16.53,82,8,0.76,1544446992,1544486728
michigan city,us,1544411700,Michigan City,US,-86.9,41.71,-1.0,86,90,2.6,1544447035,1544480222
cockburn town,bs,1544412244,Cockburn Town,BS,-74.52,24.03,23.73,100,48,2.11,1544441423,1544479893
nabire,id,1544412245,Nabire,ID,135.5,-3.36,25.63,86,32,1.21,1544388075,1544432406
ojinaga,mx,1544410500,Ojinaga,MX,-104.42,29.57,10.7,76,1,3.1,1544449312,1544486360
kristianstad,se,1544410200,Kristianstad,SE,14.16,56.03,5.0,100,0,4.6,1544426605,1544452123
nome,us,1544411700,Nome,US,-94.42,30.04,8.9,100,40,3.01,1544446975,1544483895
noumea,nc,1544410800,Noumea,NC,166.46,-22.28,27.0,57,0,9.3,1544378573,1544427048
klaksvik,fo,1544410200,Klaksvik,FO,-6.59,62.23,2.0,64,68,5.1,1544434824,1544453865
kayerkan,ru,1544412252,Kayerkan,RU,87.76,69.35,-16.83,79,76,5.36,0,0
thinadhoo,mv,1544412253,Thinadhoo,MV,72.93,0.53,28.3,100,88,3.96,1544403491,1544447032
coihaique,cl,1544410800,Coihaique,CL,-72.07,-45.58,12.0,87,0,2.1,1544431981,1544488183
mombetsu,jp,1544410800,Mombetsu,JP,143.35,44.35,-4.0,45,75,9.8,1544392268,1544424432
price,us,1544410380,Price,US,-110.81,39.6,-4.4,83,1,2.6,1544452389,1544486349
uberlandia,br,1544412259,Uberlandia,BR,-48.28,-18.92,19.58,81,0,4.56,1544430521,1544478206
along,in,1544412260,Along,IN,94.8,28.17,13.5,42,8,0.91,1544401290,1544438726
victoria,sc,1544410800,Victoria,SC,55.45,-4.62,26.0,78,90,4.1,1544407164,1544451754
katsuura,jp,1544410800,Katsuura,JP,134.5,33.93,7.0,52,75,2.6,1544392562,1544428391
kiunga,pg,1544412265,Kiunga,PG,141.3,-6.12,32.08,61,20,1.21,1544386400,1544431297
washington,us,1544411700,Washington DC.,US,-77.04,38.9,1.7,49,75,5.1,1544444157,1544478366
souillac,mu,1544410800,Souillac,MU,57.52,-20.52,24.0,94,75,2.1,1544404935,1544452992
plettenberg bay,za,1544412269,Plettenberg Bay,ZA,23.37,-34.05,16.15,100,0,5.46,1544411295,1544463035
mayo,ca,1544410800,Mayo,CA,-135.9,63.59,3.0,64,90,4.1,1544466959,1544483818
porbandar,in,1544410800,Porbandar,IN,69.61,21.64,19.0,77,5,2.1,1544406531,1544445581
pevek,ru,1544412273,Pevek,RU,170.27,69.7,-24.63,100,36,1.41,0,0
battle creek,us,1544411760,Battle Creek,US,-85.18,42.32,-2.8,84,1,1.5,1544446739,1544479692
tura,ru,1544412275,Tura,RU,100.22,64.27,-26.03,64,88,1.26,1544410832,1544426570
hinton,ca,1544412057,Hinton,CA,-117.57,53.4,-4.73,74,56,2.56,1544457298,1544484682
murakami,jp,1544410800,Murakami,JP,139.58,38.29,4.0,93,75,9.3,1544392035,1544426478
buribay,ru,1544412281,Buribay,RU,58.16,51.96,-10.48,69,88,1.31,1544414635,1544442968
arlit,ne,1544412282,Arlit,NE,7.39,18.74,10.8,50,0,2.51,1544421138,1544460851
rio gallegos,ar,1544410800,Rio Gallegos,AR,-69.22,-51.62,14.0,50,90,2.6,1544429615,1544489187
ust-kuyga,ru,1544412284,Ust-Kuyga,RU,135.55,70.0,-38.5,73,44,1.31,0,0
hasaki,jp,1544410800,Hasaki,JP,140.83,35.73,8.0,48,75,4.6,1544391318,1544426595
pandan,ph,1544412287,Pandan,PH,122.09,11.72,27.03,100,64,7.21,1544392836,1544434080
vanimo,pg,1544412288,Vanimo,PG,141.3,-2.67,28.3,100,80,3.56,1544386753,1544430943
san luis,co,1544407200,San Luis,CO,-75.1,4.13,23.0,88,20,2.1,1544439396,1544482203
guane,cu,1544412290,Guane,CU,-84.09,22.2,24.43,83,44,1.76,1544443501,1544482411
labuhan,id,1544412292,Labuhan,ID,115.51,-2.54,27.88,82,48,1.41,1544392957,1544437122
bandarbeyla,so,1544412294,Bandarbeyla,SO,50.81,9.49,25.55,100,68,7.01,1544409717,1544451425
nanortalik,gl,1544412295,Nanortalik,GL,-45.24,60.14,-1.48,84,68,7.96,1544442796,1544464451
itarema,br,1544412296,Itarema,BR,-39.92,-2.92,25.28,91,92,2.86,1544430233,1544474476
sistranda,no,1544410200,Sistranda,NO,8.83,63.73,4.0,93,75,9.8,1544432300,1544448984
eldorado,mx,1544409720,Eldorado,MX,-107.36,24.32,21.0,77,5,2.51,1544449344,1544487741
ta khmau,kh,1544410800,Ta Khmau,KH,104.95,11.48,28.0,78,40,2.1,1544396926,1544438220
gweru,zw,1544412301,Gweru,ZW,29.82,-19.46,18.75,99,92,1.56,1544411710,1544459518
victoria point,au,1544410800,Victoria Point,AU,153.3,-27.58,30.0,54,20,5.7,1544381052,1544430889
lithakia,gr,1544408400,Lithakia,GR,20.83,37.72,16.0,67,88,2.1,1544420455,1544455076
olinda,br,1544410800,Olinda,BR,-43.41,-22.82,23.0,77,0,2.1,1544428884,1544477505
nagua,do,1544412307,Nagua,DO,-69.85,19.37,23.13,100,0,2.81,1544439754,1544479321
high level,ca,1544412308,High Level,CA,-117.13,58.52,-7.58,90,24,3.01,1544459226,1544482541
talnakh,ru,1544412309,Talnakh,RU,88.39,69.49,-18.83,82,76,3.21,0,0
greensburg,us,1544410500,Greensburg,US,-90.67,30.83,5.0,86,90,3.6,1544446183,1544482886
mehamn,no,1544412313,Mehamn,NO,27.85,71.03,-2.18,95,88,1.86,0,0
amnat charoen,th,1544412314,Amnat Charoen,TH,104.63,15.86,28.43,58,12,6.81,1544397471,1544437828
abakaliki,ng,1544412315,Abakaliki,NG,8.11,6.32,20.08,85,24,1.21,1544419642,1544462003
springdale,us,1544410680,Springdale,US,-94.13,36.19,-1.0,63,5,3.1,1544447811,1544482919
punta alta,ar,1544410800,Punta Alta,AR,-55.82,-27.46,24.0,64,0,1.5,1544431265,1544481086
forio,it,1544410200,Forio,IT,13.86,40.73,14.0,76,0,2.6,1544422655,1544456222
the valley,ai,1544410800,The Valley,AI,-63.06,18.22,26.0,69,20,6.7,1544437994,1544477821
mogadishu,so,1544412322,Mogadishu,SO,45.34,2.04,27.13,99,44,7.16,1544410268,1544453502
taoudenni,ml,1544412323,Taoudenni,ML,-3.98,22.68,9.5,58,0,3.96,1544424324,1544463123
brainerd,us,1544411700,Brainerd,US,-94.2,46.36,-7.8,80,1,2.6,1544449757,1544481004
roebourne,au,1544412326,Roebourne,AU,117.15,-20.77,39.88,29,0,3.76,1544390592,1544438705
hovd,mn,1544412327,Hovd,MN,91.64,48.01,-30.0,55,20,1.31,1544405518,1544436011
carnarvon,au,1544410800,Carnarvon,AU,113.63,-24.87,24.0,69,0,8.7,1544390930,1544440058
makakilo city,us,1544410680,Makakilo City,US,-158.09,21.35,23.9,66,1,5.1,1544461169,1544500275
yarmouth,ca,1544410800,Yarmouth,CA,-66.12,43.84,2.0,69,90,8.7,1544442466,1544474812
bonthe,sl,1544412308,Bonthe,SL,-12.5,7.53,27.05,84,0,2.31,1544424714,1544466827
pamplona,es,1544410800,Pamplona,ES,-1.64,42.82,12.0,81,80,3.1,1544426776,1544459543
vaitape,pf,1544412334,Vaitape,PF,-151.75,-16.52,28.83,96,44,7.26,1544455634,1544502773
kaya,bf,1544412335,Kaya,BF,-1.08,13.09,13.15,49,0,2.71,1544422553,1544463503
natal,br,1544410800,Natal,BR,-35.21,-5.81,27.0,78,40,2.1,1544428806,1544473642
strezhevoy,ru,1544410800,Strezhevoy,RU,77.6,60.73,-13.0,78,0,3.0,1544413624,1544434641
aksu,kz,1544410800,Aksu,KZ,76.93,52.04,-19.0,77,0,4.0,1544410151,1544438439
praya,id,1544410800,Praya,ID,116.27,-8.71,32.0,66,40,1.5,1544392140,1544437576
manta,ec,1544410800,Manta,EC,-80.73,-0.95,23.0,83,75,3.1,1544440231,1544484072
hami,cn,1544412300,Hami,CN,93.51,42.84,-16.73,47,0,0.16,1544403930,1544436702
tyumentsevo,ru,1544412343,Tyumentsevo,RU,81.5,53.32,-25.58,43,0,1.26,1544409457,1544436938
havre-saint-pierre,ca,1544410800,Havre-Saint-Pierre,CA,-63.6,50.23,-14.0,84,90,1.5,1544443379,1544472688
deputatskiy,ru,1544412345,Deputatskiy,RU,139.9,69.3,-43.28,0,8,1.16,0,0
halifax,ca,1544410800,Halifax,CA,-63.58,44.65,-7.0,92,90,4.6,1544442026,1544474033
mareeba,au,1544410800,Mareeba,AU,145.42,-16.99,28.0,78,75,6.7,1544384244,1544431477
sylacauga,us,1544411700,Sylacauga,US,-86.25,33.17,5.0,100,90,1.86,1544445457,1544481490
coxim,br,1544412351,Coxim,BR,-54.75,-18.5,25.3,59,24,4.01,1544432123,1544479711
kibaya,tz,1544412353,Kibaya,TZ,36.56,-5.32,16.15,98,92,1.51,1544411627,1544456361
norman wells,ca,1544410800,Norman Wells,CA,-126.83,65.28,-14.0,84,75,2.1,1544466486,1544479935
aljezur,pt,1544412356,Aljezur,PT,-8.8,37.31,13.75,100,12,1.41,1544427502,1544462256
sitka,us,1544412250,Sitka,US,-99.65,37.17,-5.28,71,0,1.36,1544449295,1544484085
lazaro cardenas,mx,1544410200,Lazaro Cardenas,MX,-105.62,28.39,8.0,61,5,3.1,1544449443,1544486806
leningradskiy,ru,1544412359,Leningradskiy,RU,178.42,69.38,-18.35,100,48,8.46,0,0
sayyan,ye,1544412360,Sayyan,YE,44.32,15.17,1.03,77,0,0.81,1544411876,1544452381
tonantins,br,1544412361,Tonantins,BR,-67.77,-2.86,23.88,97,36,2.86,1544436925,1544481156
rio verde de mato grosso,br,1544412363,Rio Verde de Mato Grosso,BR,-54.84,-18.92,22.98,68,20,1.91,1544432096,1544479781
nouadhibou,mr,1544412364,Nouadhibou,MR,-17.03,20.93,18.65,64,0,5.76,1544427251,1544466462
los llanos de aridane,es,1544410800,Los Llanos de Aridane,ES,-17.92,28.66,18.0,88,8,3.1,1544428420,1544465719
raudeberg,no,1544410200,Raudeberg,NO,5.14,61.99,4.0,100,92,8.7,1544431838,1544451219
kuala terengganu,my,1544410800,Kuala Terengganu,MY,103.14,5.33,27.0,88,75,2.1,1544396726,1544439291
wajir,ke,1544412369,Wajir,KE,40.07,1.75,21.75,98,36,1.76,1544411504,1544454797
orlik,ru,1544412341,Orlik,RU,99.83,52.51,-35.95,46,8,0.86,1544404796,1544432799
benoy,td,1544412371,Benoy,TD,16.32,8.98,16.83,52,0,2.06,1544417945,1544459758
kandrian,pg,1544412372,Kandrian,PG,149.55,-6.21,29.55,76,80,1.96,1544384410,1544429326
mahabad,ir,1544412373,Mahabad,IR,45.72,36.77,-2.58,98,68,1.16,1544414322,1544449258
ust-ishim,ru,1544412374,Ust-Ishim,RU,71.17,57.69,-16.33,77,68,2.06,1544413607,1544437747
nalut,ly,1544412375,Nalut,LY,10.98,31.86,4.53,82,0,2.76,1544421920,1544458342
almaznyy,ru,1544410800,Almaznyy,RU,40.04,48.03,1.0,98,75,7.0,1544417915,1544448389
cayenne,gf,1544410800,Cayenne,GF,-52.33,4.94,27.0,78,90,3.1,1544434012,1544476654
hamilton,bm,1544410500,Hamilton,BM,-64.78,32.3,19.0,88,90,10.3,1544440175,1544476463
sao joao da barra,br,1544412381,Sao Joao da Barra,BR,-41.05,-21.64,24.28,100,64,5.71,1544428462,1544476794
ribeira grande,pt,1544412246,Ribeira Grande,PT,-28.7,38.52,18.73,95,92,11.11,1544432484,1544466829
apricena,it,1544406900,Apricena,IT,15.44,41.78,8.0,87,5,6.2,1544422472,1544455646
lavrentiya,ru,1544412289,Lavrentiya,RU,-170.99,65.58,-10.28,100,36,11.66,1544477476,1544490149
morar,in,1544412386,Morar,IN,78.32,26.25,13.3,79,0,1.76,1544405000,1544442929
turochak,ru,1544412387,Turochak,RU,87.12,52.26,-25.18,60,0,0.96,1544407771,1544435927
samdrup jongkhar,bt,1544412389,Samdrup Jongkhar,BT,91.51,26.8,13.3,65,0,0.91,1544401903,1544439693
montrose,us,1544411700,Montrose,US,-107.88,38.48,-1.0,77,1,3.6,1544451491,1544485841
mezhdurechensk,ru,1544412395,Mezhdurechensk,RU,88.07,53.69,-26.78,46,8,1.01,1544408002,1544435239
maseru,ls,1544412397,Maseru,LS,27.48,-29.31,7.0,74,36,1.11,1544411015,1544461340
sao pedro do sul,br,1544412398,Sao Pedro do Sul,BR,-54.18,-29.62,17.93,70,24,1.66,1544430572,1544480991
jalu,ly,1544412400,Jalu,LY,21.55,29.03,10.03,85,0,3.31,1544418992,1544456195
tomatlan,mx,1544412401,Tomatlan,MX,-105.25,19.93,22.0,89,68,0.61,1544448318,1544487755
acari,pe,1544412402,Acari,PE,-74.62,-15.44,16.58,82,68,0.66,1544437240,1544484134
kichera,ru,1544412403,Kichera,RU,110.1,55.93,-23.43,100,48,1.06,1544403521,1544429141
varniai,lt,1544410200,Varniai,LT,22.37,55.74,2.0,100,90,3.1,1544424520,1544450266
marsh harbour,bs,1544412299,Marsh Harbour,BS,-77.06,26.54,26.08,100,76,9.16,1544442345,1544480190
pitea,se,1544410200,Pitea,SE,21.48,65.32,1.0,100,92,2.6,1544430882,1544444327
auki,sb,1544412408,Auki,SB,160.7,-8.77,28.63,100,48,2.21,1544381467,1544426915
launceston,au,1544410800,Launceston,AU,147.14,-41.43,23.0,38,40,1.5,1544380278,1544434629
port lincoln,au,1544412411,Port Lincoln,AU,135.86,-34.72,19.83,82,12,6.01,1544384188,1544436130
grand-santi,gf,1544412412,Grand-Santi,GF,-54.38,4.27,22.98,97,48,1.41,1544434436,1544477215
lompoc,us,1544411700,Lompoc,US,-120.46,34.64,13.3,81,1,2.1,1544453892,1544489481
hervey bay,au,1544410800,Hervey Bay,AU,152.85,-25.3,29.0,48,92,7.7,1544381461,1544430696
tutoia,br,1544412416,Tutoia,BR,-42.27,-2.76,24.73,94,48,2.11,1544430813,1544475024
zatoka,ua,1544410800,Zatoka,UA,23.68,49.85,3.0,93,75,4.0,1544422314,1544451846
sabha,ly,1544412418,Sabha,LY,14.43,27.03,3.73,79,0,1.26,1544420440,1544458166
lena,no,1544410200,Lena,NO,10.81,60.68,0.0,72,0,1.5,1544429641,1544450694
bridlington,gb,1544410200,Bridlington,GB,-0.19,54.08,2.0,100,0,2.6,1544429334,1544456285
kampong cham,kh,1544412422,Kampong Cham,KH,105.46,11.99,28.0,89,44,2.31,1544396858,1544438044
ponta delgada,pt,1544409000,Ponta Delgada,PT,-25.67,37.73,18.0,88,75,7.2,1544431623,1544466235
iqaluit,ca,1544410800,Iqaluit,CA,-68.52,63.75,-22.0,76,90,4.6,1544450907,1544467517
ayna,pe,1544412425,Ayna,PE,-73.91,-12.72,16.43,88,80,0.71,1544437368,1544483664
westport,nz,1544412427,Westport,NZ,171.6,-41.75,19.73,78,80,1.11,1544374342,1544428820
excelsior springs,us,1544411700,Excelsior Springs,US,-94.23,39.34,-2.8,85,1,1.31,1544448362,1544482415
batouri,cm,1544412429,Batouri,CM,14.36,4.44,18.28,81,0,1.96,1544417950,1544460695
camocim,br,1544412430,Camocim,BR,-40.84,-2.9,24.0,94,64,3.41,1544430456,1544474695
kerouane,gn,1544412431,Kerouane,GN,-12.34,12.23,15.18,84,0,0.91,1544425166,1544466298
riacho de santana,br,1544412432,Riacho de Santana,BR,-42.94,-13.61,21.28,89,92,4.71,1544429837,1544476325
praia da vitoria,pt,1544407200,Praia da Vitoria,PT,-27.07,38.73,17.0,93,75,10.86,1544432128,1544466402
yasnyy,ru,1544412436,Yasnyy,RU,44.09,64.04,-5.6,77,80,2.76,1544424106,1544440248
sri aman,my,1544410800,Sri Aman,MY,111.46,1.24,30.0,79,75,0.5,1544394313,1544437709
zyryanovsk,kz,1544412438,Zyryanovsk,KZ,84.27,49.74,-24.68,55,0,1.41,1544407732,1544437335
benjamin constant,br,1544410800,Benjamin Constant,BR,-70.03,-4.38,24.0,100,40,1.61,1544437312,1544481855
egvekinot,ru,1544412440,Egvekinot,RU,-179.17,66.32,-23.58,67,32,3.31,1544480513,1544491038
guarapari,br,1544407200,Guarapari,BR,-40.5,-20.67,22.0,83,75,1.5,1544428447,1544476545
moindou,nc,1544410800,Moindou,NC,165.68,-21.69,27.0,57,64,9.3,1544378832,1544427163
le mars,us,1544411700,Le Mars,US,-96.17,42.79,-6.0,92,90,2.6,1544449471,1544482237
manokwari,id,1544412445,Manokwari,ID,134.08,-0.87,27.68,100,12,2.16,1544388669,1544432493
ornskoldsvik,se,1544410200,Ornskoldsvik,SE,18.72,63.29,3.0,100,90,3.1,1544429550,1544446986
shenjiamen,cn,1544412447,Shenjiamen,CN,122.3,29.96,15.53,100,92,8.76,1544394926,1544431886
fallon,us,1544410560,Fallon,US,-105.12,46.84,-4.4,77,1,2.6,1544452491,1544483513
susangerd,ir,1544410800,Susangerd,IR,48.19,31.56,12.0,87,8,1.0,1544412943,1544449453
silver city,us,1544411700,Silver City,US,-108.28,32.77,1.3,87,1,3.1,1544450688,1544486837
les cayes,ht,1544412453,Les Cayes,HT,-73.75,18.19,26.9,100,0,9.86,1544440557,1544480391
monte gordo,pt,1544412456,Monte Gordo,PT,-7.73,39.81,4.73,90,0,2.46,1544427673,1544461570
gilgit,pk,1544412457,Gilgit,PK,74.31,35.92,-7.85,90,76,0.21,1544407321,1544442532
agutaya,ph,1544412458,Agutaya,PH,120.94,11.15,27.0,100,12,9.41,1544393053,1544434416
pangody,ru,1544412459,Pangody,RU,74.49,65.85,-9.7,84,88,5.56,1544418817,1544430939
sol-iletsk,ru,1544412460,Sol-Iletsk,RU,55.0,51.16,-7.78,86,68,1.16,1544415157,1544443963
madimba,tz,1544407200,Madimba,TZ,40.33,-10.4,25.0,100,40,2.31,1544410192,1544455987
revda,ru,1544412464,Revda,RU,34.55,67.94,-5.7,78,88,1.16,0,0
fukuma,jp,1544410800,Fukuma,JP,130.47,33.77,10.0,53,75,3.1,1544393506,1544429382
bontang,id,1544412467,Bontang,ID,117.47,0.12,30.53,85,8,3.41,1544392757,1544436380
bintulu,my,1544410800,Bintulu,MY,113.03,3.17,28.0,88,75,1.5,1544394132,1544437136
dhidhdhoo,mv,1544412269,Dhidhdhoo,MV,73.1,6.88,28.13,100,0,2.51,1544404096,1544446344
reque,pe,1544410800,Reque,PE,-79.82,-6.87,19.0,29,40,6.2,1544439406,1544484462
lakshmeshwar,in,1544412472,Lakshmeshwar,IN,75.47,15.13,22.83,69,0,1.86,1544404393,1544444907
sinnamary,gf,1544412473,Sinnamary,GF,-52.96,5.38,26.38,95,100,5.36,1544434208,1544476761
spassk-ryazanskiy,ru,1544412474,Spassk-Ryazanskiy,RU,40.38,54.41,0.48,94,92,6.36,1544419704,1544446435
biltine,td,1544412475,Biltine,TD,20.93,14.53,16.23,37,0,5.26,1544417423,1544458065
saint-denis,re,1544410800,Saint-Denis,RE,55.47,-20.87,28.0,65,0,1.0,1544405386,1544453526
bathsheba,bb,1544410800,Bathsheba,BB,-59.52,13.22,26.0,69,40,7.7,1544436598,1544477518
rock sound,bs,1544412479,Rock Sound,BS,-76.2,24.9,26.53,100,12,6.81,1544441933,1544480190
acapulco,mx,1544410140,Acapulco,MX,-99.88,16.86,26.0,83,75,1.5,1544446683,1544486812
walvis bay,na,1544410800,Walvis Bay,NA,14.51,-22.95,15.0,82,90,6.2,1544414965,1544463615
farah,af,1544412484,Farah,AF,62.11,32.37,3.28,85,0,1.11,1544409716,1544445996
bud,no,1544410200,Bud,NO,6.91,62.91,5.0,80,90,4.1,1544432085,1544450122
prince rupert,ca,1544411340,Prince Rupert,CA,-130.32,54.32,7.0,93,90,6.2,1544460673,1544487428
khash,ir,1544412487,Khash,IR,61.21,28.22,-1.85,73,0,1.21,1544409362,1544446782
yzeure,fr,1544410800,Yzeure,FR,3.36,46.57,8.0,87,75,4.6,1544426376,1544457541
ndele,cf,1544412490,Ndele,CF,20.65,8.41,18.08,60,0,2.76,1544416846,1544458778
waingapu,id,1544412493,Waingapu,ID,120.26,-9.65,29.68,83,20,2.11,1544391083,1544436717
myrtle beach,us,1544411700,Myrtle Beach,US,-78.89,33.7,5.0,100,90,2.1,1544443768,1544479645
dzaoudzi,yt,1544410800,Dzaoudzi,YT,45.27,-12.79,28.0,78,20,3.1,1544408750,1544455057
guerande,fr,1544410800,Guerande,FR,-4.17,48.47,10.0,87,0,3.6,1544428642,1544458890
norsup,vu,1544412498,Norsup,VU,167.38,-16.07,29.18,77,48,4.31,1544379076,1544426101
aylmer,ca,1544410800,Aylmer,CA,-80.98,42.77,-3.0,79,90,3.6,1544445819,1544478595
moron,mn,1544412501,Moron,MN,110.32,47.38,-21.45,66,8,1.51,1544400879,1544431681
gallup,us,1544410380,Gallup,US,-108.74,35.53,-1.1,87,1,1.16,1544451215,1544486530
brae,gb,1544410200,Brae,GB,-1.35,60.4,5.0,86,12,10.3,1544432399,1544453774
renqiu,cn,1544412504,Renqiu,CN,116.1,38.71,-4.53,50,36,2.06,1544397745,1544432042
urla,tr,1544410200,Urla,TR,26.77,38.32,8.0,100,90,2.6,1544419130,1544453549
durango,us,1544410800,Durango,US,-107.88,37.28,-2.2,95,40,2.6,1544451290,1544486042
barroso,br,1544410800,Barroso,BR,-46.22,-23.67,17.0,93,0,3.1,1544429453,1544478286
berdigestyakh,ru,1544412512,Berdigestyakh,RU,126.7,62.1,-29.5,61,64,1.61,1544402706,1544421983
dwarka,in,1544410800,Dwarka,IN,77.04,28.58,14.0,67,12,2.1,1544405609,1544442935
hammerfest,no,1544410200,Hammerfest,NO,23.68,70.66,-1.0,92,90,5.7,0,0
alvaraes,br,1544412516,Alvaraes,BR,-64.8,-3.22,22.4,100,56,1.51,1544436175,1544480480
schiffdorf,de,1544410200,Schiffdorf,DE,8.66,53.54,6.0,80,20,7.2,1544427026,1544454344
palmerston north,nz,1544412357,Palmerston North,NZ,175.62,-40.35,22.08,52,0,6.56,1544373655,1544427577
dunedin,nz,1544412519,Dunedin,NZ,170.5,-45.87,11.38,88,92,2.86,1544373696,1544429998
luganville,vu,1544412521,Luganville,VU,167.18,-15.51,28.0,98,8,6.31,1544379187,1544426086
dombarovskiy,ru,1544412522,Dombarovskiy,RU,59.54,50.76,-20.58,54,48,1.31,1544413953,1544442988
sassandra,ci,1544412523,Sassandra,CI,-6.09,4.95,27.78,100,24,4.01,1544422911,1544465552
apt,fr,1544410800,Apt,FR,5.4,43.88,8.0,65,0,3.1,1544425299,1544457639
lyubuchany,ru,1544410800,Lyubuchany,RU,37.55,55.25,0.0,97,90,3.0,1544420688,1544446809
tabuk,sa,1544407200,Tabuk,SA,36.58,28.38,7.0,70,0,1.31,1544415297,1544452674
kaeo,nz,1544412529,Kaeo,NZ,173.78,-35.1,24.8,42,24,6.56,1544375025,1544427087
vardo,no,1544412530,Vardo,NO,31.11,70.37,1.15,100,68,4.11,0,0
asosa,et,1544412533,Asosa,ET,34.53,10.07,18.08,44,24,2.26,1544413686,1544455273
charters towers,au,1544412534,Charters Towers,AU,146.27,-20.07,23.8,99,92,6.06,1544383684,1544431630
marsabit,ke,1544412535,Marsabit,KE,37.99,2.34,20.68,98,64,0.96,1544412063,1544455236
naryan-mar,ru,1544412537,Naryan-Mar,RU,53.09,67.67,-7.0,77,64,5.86,1544427898,1544432132
kardla,ee,1544410200,Kardla,EE,26.57,58.44,2.0,93,90,4.1,1544424667,1544448101
nuuk,gl,1544410200,Nuuk,GL,-51.74,64.17,-9.0,85,36,7.2,1544447259,1544463108
port hedland,au,1544410800,Port Hedland,AU,118.58,-20.31,32.0,66,0,8.2,1544390303,1544438307
pedana,in,1544410800,Pedana,IN,81.15,16.26,24.0,88,40,2.16,1544403153,1544443420
ola,ru,1544412263,Ola,RU,151.3,59.58,-13.45,100,12,5.91,1544395275,1544417604
abha,sa,1544407200,Abha,SA,42.5,18.22,11.0,93,5,0.86,1544412649,1544452481
mitsamiouli,km,1544412547,Mitsamiouli,KM,43.28,-11.38,27.78,97,0,5.11,1544409379,1544455383
rantepao,id,1544412548,Rantepao,ID,119.9,-2.97,25.8,82,12,0.76,1544391860,1544436112
gien,fr,1544412549,Gien,FR,2.63,47.69,7.0,91,88,5.36,1544426816,1544457451
dafeng,cn,1544412550,Dafeng,CN,120.46,33.2,8.65,99,92,6.91,1544395825,1544431869
hofn,is,1544412552,Hofn,IS,-15.21,64.25,-2.23,100,20,1.96,1544438556,1544454271
igarka,ru,1544412331,Igarka,RU,86.57,67.47,-14.7,84,68,5.11,1544419085,1544424869
kotelnich,ru,1544412554,Kotelnich,RU,48.34,58.31,-5.38,91,64,3.21,1544419376,1544442940
bonfim,br,1544407200,Bonfim,BR,-44.24,-20.33,17.0,82,0,3.1,1544429385,1544477403
fontenay-le-comte,fr,1544410800,Fontenay-le-Comte,FR,-0.81,46.47,9.0,93,0,3.6,1544427354,1544458565
sal rei,cv,1544410800,Sal Rei,CV,-22.92,16.18,22.0,83,20,3.1,1544428131,1544468412
tiznit,ma,1544412559,Tiznit,MA,-9.73,29.7,13.33,81,0,0.71,1544426593,1544463613
uzhur,ru,1544412560,Uzhur,RU,89.85,55.32,-26.13,65,36,1.26,1544408152,1544434234
awbari,ly,1544412562,Awbari,LY,12.77,26.59,2.4,75,0,1.21,1544420783,1544458621
kotka,fi,1544410200,Kotka,FI,26.95,60.47,1.0,100,90,4.1,1544425641,1544446944
kultuk,ru,1544412564,Kultuk,RU,103.71,51.73,-20.75,100,0,1.46,1544403626,1544432106
mattru,sl,1544412566,Mattru,SL,-11.83,7.62,23.8,91,0,1.41,1544424563,1544466657
la ronge,ca,1544410800,La Ronge,CA,-105.3,55.1,-9.0,85,5,2.1,1544454945,1544481143
jadu,ly,1544412568,Jadu,LY,12.03,31.95,4.78,87,0,2.96,1544421681,1544458077
burnie,au,1544412569,Burnie,AU,145.91,-41.05,17.58,90,0,6.61,1544380649,1544434849
guerrero negro,mx,1544412282,Guerrero Negro,MX,-114.04,27.97,15.58,67,0,3.76,1544451409,1544488882
shingu,jp,1544410800,Shingu,JP,135.99,33.72,10.0,46,75,4.1,1544392173,1544428065
bodden town,ky,1544410800,Bodden Town,KY,-81.25,19.28,25.0,88,0,3.66,1544442481,1544482068
sobolevo,ru,1544412544,Sobolevo,RU,31.9,54.43,-0.35,96,88,6.11,1544421748,1544448463
vila velha,br,1544407200,Vila Velha,BR,-38.6,-3.71,27.0,83,75,3.1,1544429835,1544474240
maymyo,mm,1544409000,Maymyo,MM,96.47,22.03,22.0,78,20,1.5,1544400128,1544439088
ayagoz,kz,1544412578,Ayagoz,KZ,80.43,47.96,-24.48,54,0,1.46,1544408198,1544438713
sola,vu,1544412579,Sola,VU,167.55,-13.88,27.15,100,92,7.01,1544379277,1544425817
ahipara,nz,1544412581,Ahipara,NZ,173.16,-35.17,20.08,72,12,7.11,1544375162,1544427247
port hardy,ca,1544412000,Port Hardy,CA,-127.42,50.7,5.0,93,75,1.5,1544458838,1544487872
remanso,br,1544412583,Remanso,BR,-42.08,-9.62,22.33,100,44,2.66,1544430058,1544475690
aswan,eg,1544407200,Aswan,EG,32.9,24.09,10.0,57,0,1.0,1544415638,1544454100
vysokogornyy,ru,1544412585,Vysokogornyy,RU,139.13,50.1,-23.78,68,32,1.41,1544394654,1544424072
west wendover,us,1544410560,West Wendover,US,-114.07,40.74,-2.2,88,90,1.16,1544453378,1544486925
coquimbo,cl,1544410800,Coquimbo,CL,-71.34,-29.95,16.0,82,0,1.5,1544434644,1544485159
kashi,cn,1544410800,Kashi,CN,75.98,39.45,-8.0,67,20,2.0,1544407508,1544441542
torrington,us,1544410500,Torrington,US,-104.18,42.06,-0.1,67,1,2.1,1544451252,1544484303
puerto asis,co,1544412591,Puerto Asis,CO,-76.5,0.51,20.8,96,12,0.71,1544439364,1544482908
finschhafen,pg,1544412592,Finschhafen,PG,147.85,-6.6,23.78,100,92,0.96,1544384778,1544429774
humberto de campos,br,1544412593,Humberto de Campos,BR,-43.46,-2.6,27.08,94,48,4.01,1544431116,1544475293
vapnyarka,ua,1544412595,Vapnyarka,UA,28.74,48.53,-4.68,91,48,1.36,1544420754,1544450976
balikpapan,id,1544412596,Balikpapan,ID,116.86,-1.24,30.63,92,8,2.31,1544392765,1544436665
san lorenzo,ec,1544412597,San Lorenzo,EC,-78.84,1.29,22.93,97,92,1.01,1544440005,1544483391
luena,ao,1544412598,Luena,AO,19.91,-11.78,18.0,94,92,4.01,1544414947,1544461037
puerto cabezas,ni,1544412600,Puerto Cabezas,NI,-83.39,14.04,27.5,93,92,5.21,1544442417,1544483161
mykolayivka,ua,1544412601,Mykolayivka,UA,30.76,47.54,-0.13,96,92,1.71,1544420024,1544450736
synya,ru,1544412602,Synya,RU,58.04,65.37,-6.75,84,80,4.26,1544422154,1544435501
adwa,et,1544412604,Adwa,ET,38.9,14.16,11.23,92,0,1.06,1544413069,1544453791
bokoro,td,1544412605,Bokoro,TD,17.06,12.38,16.8,33,0,5.06,1544418123,1544459224
kawalu,id,1544412606,Kawalu,ID,108.21,-7.38,24.93,84,64,1.31,1544394213,1544439372
northam,au,1544410800,Northam,AU,116.67,-31.65,28.0,39,0,3.1,1544389269,1544440262
maldonado,uy,1544410800,Maldonado,UY,-54.96,-34.91,20.0,82,75,5.1,1544429959,1544481982
marawi,sd,1544412610,Marawi,SD,31.82,18.48,11.93,63,0,4.86,1544415243,1544455016
orangeburg,us,1544411940,Orangeburg,US,-80.86,33.49,4.0,89,90,2.6,1544444210,1544480149
shumskiy,ru,1544412613,Shumskiy,RU,99.13,54.83,-26.58,66,36,0.96,1544405743,1544432187
barauna,br,1544412693,Barauna,BR,-42.49,-14.07,19.25,96,92,5.81,1544429678,1544476268
muzhi,ru,1544412616,Muzhi,RU,64.7,65.4,-17.93,66,12,1.91,1544420589,1544433868
najran,sa,1544407200,Najran,SA,44.22,17.54,17.0,48,0,2.6,1544412161,1544452144
hualmay,pe,1544412618,Hualmay,PE,-77.61,-11.1,15.3,94,20,1.96,1544438430,1544484378
qaqortoq,gl,1544412619,Qaqortoq,GL,-46.03,60.72,-4.08,96,20,4.56,1544443321,1544464306
erenhot,cn,1544412622,Erenhot,CN,111.97,43.65,-17.98,50,32,2.11,1544399660,1544432109
yerbogachen,ru,1544412623,Yerbogachen,RU,108.01,61.28,-22.2,62,76,3.86,1544406654,1544427009
mangrol,in,1544412625,Mangrol,IN,76.51,25.33,17.33,49,44,3.91,1544405320,1544443479
kyrylivka,ua,1544412626,Kyrylivka,UA,37.3,47.65,1.78,97,80,4.21,1544418480,1544449140
skibbereen,ie,1544410800,Skibbereen,IE,-9.27,51.55,6.0,87,0,4.1,1544430708,1544459272
bonavista,ca,1544412628,Bonavista,CA,-53.11,48.65,-0.35,100,80,13.21,1544440442,1544470589
ambilobe,mg,1544412629,Ambilobe,MG,49.05,-13.19,21.38,93,8,1.66,1544407799,1544454193
sergeyevka,kz,1544412631,Sergeyevka,KZ,67.42,53.88,-26.48,46,0,1.31,1544413026,1544440130
camapua,br,1544412632,Camapua,BR,-54.04,-19.53,24.58,41,0,3.66,1544431832,1544479661
knysna,za,1544410800,Knysna,ZA,23.05,-34.04,12.0,93,0,1.0,1544411374,1544463110
south lake tahoe,us,1544410500,South Lake Tahoe,US,-119.98,38.93,0.0,92,40,1.41,1544454474,1544488667
westerland,de,1544412635,Westerland,DE,8.3,54.91,7.3,90,56,13.76,1544427589,1544453953
caravelas,br,1544412637,Caravelas,BR,-39.27,-17.73,24.68,100,100,9.61,1544428495,1544475905
kloulklubed,pw,1544410440,Kloulklubed,PW,134.26,7.04,30.0,70,75,5.7,1544389429,1544431645
aklavik,ca,1544411760,Aklavik,CA,-135.01,68.22,-18.0,84,90,1.5,0,0
broken hill,au,1544410800,Broken Hill,AU,141.45,-31.97,26.0,47,64,6.2,1544383273,1544434360
dongsheng,cn,1544412641,Dongsheng,CN,112.52,29.72,1.13,90,92,3.61,1544397242,1544434266
kodyma,ua,1544412642,Kodyma,UA,29.13,48.1,-1.73,100,80,2.41,1544420553,1544450990
weyburn,ca,1544412644,Weyburn,CA,-103.85,49.67,-14.1,82,0,1.71,1544452894,1544482500
shimanovsk,ru,1544412645,Shimanovsk,RU,127.67,52.0,-21.48,59,0,1.56,1544397952,1544426275
huilong,cn,1544412646,Huilong,CN,106.5,31.15,3.68,99,68,1.86,1544398884,1544435514
wawa,ca,1544412649,Wawa,CA,-84.77,47.99,-12.68,82,0,1.16,1544447880,1544478353
champerico,gt,1544412651,Champerico,GT,-91.92,14.3,24.18,100,24,0.76,1544444493,1544485180
vytegra,ru,1544412652,Vytegra,RU,36.45,61.01,-5.25,89,92,6.01,1544423680,1544444344
santo amaro da imperatriz,br,1544410800,Santo Amaro da Imperatriz,BR,-48.78,-27.69,23.0,73,75,5.7,1544429544,1544479427
debre tabor,et,1544412654,Debre Tabor,ET,38.01,11.86,8.15,67,0,1.71,1544413038,1544454250
kieta,pg,1544412550,Kieta,PG,155.63,-6.22,30.08,87,76,1.86,1544382949,1544427867
smithers,ca,1544410800,Smithers,CA,-127.17,54.78,-2.0,79,40,4.6,1544460081,1544486508
zhob,pk,1544412659,Zhob,PK,69.45,31.34,-2.48,76,0,1.56,1544407807,1544444381
katobu,id,1544412661,Katobu,ID,122.53,-4.94,30.83,84,44,1.21,1544391027,1544435682
naustdal,no,1544410200,Naustdal,NO,5.72,61.51,4.0,100,92,8.7,1544431378,1544451400
lima,pe,1544410800,Lima,PE,-77.04,-12.06,20.0,77,0,5.1,1544438191,1544484344
cairns,au,1544410800,Cairns,AU,145.77,-16.92,28.0,78,75,6.7,1544384168,1544431385
maturin,ve,1544412623,Maturin,VE,-63.18,9.75,25.68,68,24,3.11,1544437112,1544478763
zhangye,cn,1544412669,Zhangye,CN,100.46,38.94,-13.18,85,56,2.26,1544401540,1544435756
batticaloa,lk,1544412670,Batticaloa,LK,81.69,7.71,25.73,100,88,3.11,1544402119,1544444196
mananjary,mg,1544412671,Mananjary,MG,46.8,-19.16,13.13,80,0,1.41,1544407669,1544455406
mora,cm,1544412673,Mora,CM,14.13,11.05,15.78,43,0,3.46,1544418686,1544460068
nyzy,ua,1544412675,Nyzy,UA,34.78,50.78,-0.25,98,80,1.61,1544419905,1544448924
ipixuna,br,1544410800,Ipixuna,BR,-48.8,-1.76,24.0,94,0,2.6,1544432483,1544476489
lerwick,gb,1544412000,Lerwick,GB,-1.15,60.15,5.0,65,44,9.3,1544432210,1544453868
vao,nc,1544412678,Vao,NC,167.48,-22.67,24.53,100,24,6.61,1544378280,1544426851
itoman,jp,1544410800,Itoman,JP,127.67,26.12,21.0,83,75,4.1,1544393135,1544431100
jiutai,cn,1544410800,Jiutai,CN,125.84,44.15,-10.0,33,0,2.0,1544396432,1544428677
ust-maya,ru,1544412683,Ust-Maya,RU,134.54,60.42,-32.33,40,48,1.61,1544399763,1544421162
venice,us,1544411700,Venice,US,-82.45,27.1,21.0,83,75,6.7,1544443711,1544481412
chiang kham,th,1544410800,Chiang Kham,TH,100.3,19.53,24.0,88,75,1.0,1544398919,1544438458
okuchi,jp,1544410800,Okuchi,JP,130.62,32.07,9.0,61,75,1.5,1544393222,1544429594
kattivakkam,in,1544410800,Kattivakkam,IN,80.32,13.22,24.0,94,20,1.5,1544403024,1544443948
chunskiy,ru,1544412690,Chunskiy,RU,99.63,56.08,-25.5,62,64,1.46,1544406095,1544431595
tessalit,ml,1544412551,Tessalit,ML,1.01,20.2,13.8,52,0,4.76,1544422836,1544462216
codajas,br,1544412692,Codajas,BR,-62.06,-3.84,22.88,100,80,0.71,1544435454,1544479886
beidao,cn,1544412693,Beidao,CN,105.89,34.57,-5.13,82,92,1.51,1544399529,1544435161
biak,id,1544412694,Biak,ID,122.88,-0.91,30.5,80,12,0.91,1544391354,1544435186
kyra,ru,1544412695,Kyra,RU,111.97,49.58,-22.63,58,48,1.16,1544401037,1544430730
sfantu gheorghe,ro,1544410800,Sfantu Gheorghe,RO,26.83,44.65,-1.0,92,90,2.1,1544420314,1544452334
la libertad,sv,1544410200,La Libertad,SV,-89.32,13.49,26.0,83,20,2.6,1544443782,1544484643
khandyga,ru,1544412700,Khandyga,RU,135.58,62.65,-37.85,69,20,1.41,1544400968,1544419457
belaya gora,ru,1544412701,Belaya Gora,RU,146.19,68.54,-42.73,0,20,1.46,0,0
aquiraz,br,1544407200,Aquiraz,BR,-38.39,-3.9,27.0,83,75,3.1,1544429766,1544474209
shizunai,jp,1544412705,Shizunai,JP,142.37,42.33,-4.58,100,12,6.46,1544392097,1544425076
hanko,fi,1544412706,Hanko,FI,22.95,59.83,3.83,100,92,8.11,1544426244,1544448263
khovu-aksy,ru,1544412707,Khovu-Aksy,RU,93.72,51.13,-33.75,40,20,1.06,1544405849,1544434680
henties bay,na,1544412709,Henties Bay,NA,14.28,-22.12,13.18,100,0,1.06,1544415122,1544463568
providencia,mx,1544412711,Providencia,MX,-109.99,27.5,14.33,85,0,1.11,1544450376,1544487971
kankaanpaa,fi,1544412000,Kankaanpaa,FI,22.42,61.8,3.0,93,92,5.7,1544427557,1544447202
ishinomaki,jp,1544410800,Ishinomaki,JP,141.3,38.42,4.0,51,75,3.6,1544391644,1544426043
wattegama,lk,1544412714,Wattegama,LK,80.68,7.35,23.15,94,48,2.01,1544402325,1544444476
davila,ph,1544410800,Davila,PH,120.58,18.47,30.0,66,40,2.1,1544393931,1544433710
corrales,pe,1544412717,Corrales,PE,-71.5,-15.47,4.68,61,36,1.66,1544436488,1544483388
maltahohe,na,1544412718,Maltahohe,NA,16.98,-24.83,11.08,36,0,4.61,1544414135,1544463259
monze,zm,1544412719,Monze,ZM,27.48,-16.28,17.63,98,92,5.31,1544412636,1544459714
eureka,us,1544411040,Eureka,US,-124.16,40.8,11.7,96,90,1.5,1544455812,1544489336
chapulhuacan,mx,1544412721,Chapulhuacan,MX,-98.9,21.17,9.3,98,92,0.86,1544446937,1544486087
antofagasta,cl,1544410800,Antofagasta,CL,-70.4,-23.65,17.0,82,90,3.1,1544435260,1544484090
kondinskoye,ru,1544412724,Kondinskoye,RU,67.41,59.65,-16.38,68,8,1.21,1544415466,1544437693
kavieng,pg,1544412725,Kavieng,PG,150.8,-2.57,29.98,100,48,2.06,1544384482,1544428652
syriam,mm,1544410800,Syriam,MM,96.24,16.77,28.0,74,75,3.6,1544399586,1544439742
tual,id,1544412727,Tual,ID,132.75,-5.67,30.3,98,64,3.26,1544388499,1544433303
buchanan,lr,1544410800,Buchanan,LR,-10.05,5.88,25.0,100,75,3.81,1544423957,1544466408
alta floresta,br,1544412729,Alta Floresta,BR,-56.08,-9.87,21.68,99,76,1.26,1544433393,1544479077
varkaus,fi,1544412000,Varkaus,FI,27.87,62.32,1.0,92,90,4.1,1544426608,1544445534
ingraj bazar,in,1544412732,Ingraj Bazar,IN,88.15,25.0,18.63,76,0,2.06,1544402484,1544440726
bhadravati,in,1544412733,Bhadravati,IN,79.12,20.11,20.68,100,68,3.61,1544404071,1544443476
santa cruz,cr,1544410800,Santa Cruz,CR,-85.58,10.26,27.0,65,0,7.7,1544442543,1544484087
high wycombe,gb,1544410200,High Wycombe,GB,-0.75,51.63,7.0,87,90,5.1,1544428685,1544457204
dakoro,ne,1544412738,Dakoro,NE,6.76,14.51,14.5,39,0,5.56,1544420823,1544461469
galle,lk,1544412739,Galle,LK,80.22,6.04,24.58,100,92,1.61,1544402301,1544444721
vostok,ru,1544412741,Vostok,RU,135.83,46.45,-19.45,59,12,1.31,1544394535,1544425776
vestmannaeyjar,is,1544412617,Vestmannaeyjar,IS,-20.27,63.44,3.5,100,56,11.31,1544439044,1544456212
nizhniy kuranakh,ru,1544412743,Nizhniy Kuranakh,RU,125.49,58.84,-25.2,59,64,1.26,1544401098,1544424174
paracuru,br,1544407200,Paracuru,BR,-39.03,-3.41,27.0,83,75,3.1,1544429969,1544474313
louga,sn,1544410800,Louga,SN,-16.22,15.62,21.0,43,0,3.1,1544426461,1544466865
the pas,ca,1544410800,The Pas,CA,-101.24,53.82,-8.0,78,1,3.1,1544453516,1544480623
berlevag,no,1544412606,Berlevag,NO,29.09,70.86,-1.23,100,88,3.01,0,0
claresholm,ca,1544410800,Claresholm,CA,-113.58,50.02,1.0,64,75,8.2,1544455325,1544484740
kovdor,ru,1544412750,Kovdor,RU,30.47,67.56,-2.18,94,92,1.66,1544432910,1544437981
palmer,us,1544410680,Palmer,US,-149.11,61.6,-3.3,91,1,2.1,1544468637,1544488484
padang,id,1544412642,Padang,ID,100.36,-0.92,27.08,100,24,0.86,1544396759,1544440594
balakirevo,ru,1544412754,Balakirevo,RU,38.84,56.51,-0.1,97,88,5.51,1544420870,1544446008
saint-pierre,mq,1544410800,Saint-Pierre,MQ,-61.18,14.74,25.0,73,40,3.6,1544437160,1544477754
port keats,au,1544412757,Port Keats,AU,129.55,-14.25,35.38,77,0,1.51,1544388359,1544434982
thunder bay,ca,1544410800,Thunder Bay,CA,-89.26,48.41,-4.0,85,90,3.6,1544449063,1544479326
shelopugino,ru,1544412760,Shelopugino,RU,117.56,51.65,-28.78,53,20,1.16,1544400276,1544428806
adrar,dz,1544410800,Adrar,DZ,-0.29,27.87,10.0,46,0,4.6,1544424084,1544461591
lexington,us,1544411700,Lexington,US,-84.5,38.05,0.0,74,75,4.6,1544445804,1544480302
kishi,ng,1544412763,Kishi,NG,3.85,9.08,19.3,68,0,1.71,1544420949,1544462741
zyryanka,ru,1544412765,Zyryanka,RU,150.89,65.73,-32.25,40,68,1.01,1544400286,1544412786
purpe,ru,1544412766,Purpe,RU,76.69,64.48,-8.7,88,88,5.26,1544416694,1544432006
oktyabrskiy,ru,1544410800,Oktyabrskiy,RU,37.97,55.61,0.0,98,90,3.0,1544420723,1544446573
byron bay,au,1544410800,Byron Bay,AU,153.62,-28.65,31.0,65,12,6.7,1544380829,1544430959
cervignano del friuli,it,1544412000,Cervignano del Friuli,IT,13.34,45.82,6.0,93,0,2.1,1544423809,1544455316
saint simons,us,1544411820,Saint Simons,US,-81.39,31.14,11.6,87,90,2.6,1544443999,1544480615
yecla,es,1544410800,Yecla,ES,-1.12,38.61,11.0,57,0,1.0,1544425877,1544460194
caconda,ao,1544412775,Caconda,AO,15.06,-13.73,13.75,74,0,3.16,1544415900,1544462413
bay roberts,ca,1544410800,Bay Roberts,CA,-53.28,47.58,-5.0,85,75,13.9,1544440217,1544470896
lalibela,et,1544412777,Lalibela,ET,39.05,12.04,6.0,88,0,1.46,1544412807,1544453981
ngunguru,nz,1544412778,Ngunguru,NZ,174.5,-35.62,21.53,77,24,6.86,1544374767,1544426999
escanaba,us,1544411700,Escanaba,US,-87.06,45.75,-1.6,90,1,3.56,1544447905,1544479428
nishihara,jp,1544410800,Nishihara,JP,139.53,35.74,8.3,36,75,4.6,1544391632,1544426906
yining,cn,1544412782,Yining,CN,114.56,29.04,1.08,100,92,1.51,1544396661,1544433868
san roque,ph,1544412784,San Roque,PH,124.87,12.54,26.78,100,32,3.51,1544392256,1544433326
coachella,us,1544411700,Coachella,US,-116.18,33.68,13.0,87,1,0.56,1544452719,1544488599
dakar,sn,1544410800,Dakar,SN,-17.45,14.69,24.0,73,0,4.1,1544426655,1544467261
bakel,sn,1544412787,Bakel,SN,-12.46,14.9,18.98,30,0,4.16,1544425480,1544466041
bria,cf,1544412788,Bria,CF,21.99,6.54,16.8,68,12,1.66,1544416332,1544458649
tupelo,us,1544411700,Tupelo,US,-88.7,34.26,3.0,81,90,4.1,1544446208,1544481916
sioux lookout,ca,1544410800,Sioux Lookout,CA,-91.92,50.1,-9.0,100,90,2.6,1544450145,1544479520
liverpool,ca,1544412793,Liverpool,CA,-64.71,44.04,-0.03,100,48,5.31,1544442169,1544474433
iralaya,hn,1544412794,Iralaya,HN,-83.23,15.0,25.78,91,80,2.66,1544442482,1544483019
fukue,jp,1544410800,Fukue,JP,136.69,35.03,9.0,42,75,8.7,1544392203,1544427698
den helder,nl,1544412300,Den Helder,NL,4.76,52.96,9.0,65,80,8.2,1544427773,1544455470
itacoatiara,br,1544412620,Itacoatiara,BR,-58.44,-3.14,25.23,91,32,1.91,1544434657,1544478945
shimoda,jp,1544410800,Shimoda,JP,138.93,34.7,11.0,100,75,7.7,1544391615,1544427211
beloha,mg,1544412609,Beloha,MG,45.06,-25.17,22.05,89,20,1.61,1544407351,1544456561
touros,br,1544407200,Touros,BR,-35.46,-5.2,26.0,88,75,2.1,1544428929,1544473639
pochutla,mx,1544409600,Pochutla,MX,-96.47,15.74,25.0,88,40,2.31,1544445742,1544486116
langsa,id,1544412804,Langsa,ID,97.97,4.47,23.98,97,88,0.71,1544397880,1544440620
tarragona,ph,1544412805,Tarragona,PH,126.45,7.05,27.98,87,0,4.76,1544391306,1544433519
camabatela,ao,1544412806,Camabatela,AO,15.37,-8.19,19.03,97,92,1.41,1544416416,1544461746
santa fe,cu,1544410500,Santa Fe,CU,-82.26,23.13,22.0,100,75,0.5,1544443173,1544481860
obo,cf,1544412809,Obo,CF,26.49,5.39,14.55,81,20,1.26,1544415134,1544457686
alofi,nu,1544407200,Alofi,NU,-169.92,-19.06,27.0,61,0,5.7,1544459704,1544507429
rocha,uy,1544412811,Rocha,UY,-54.34,-34.48,23.15,45,76,4.21,1544429879,1544481764
porto santo,pt,1544410800,Porto Santo,PT,-16.34,33.07,17.0,77,75,2.1,1544428655,1544464724
inhambane,mz,1544412813,Inhambane,MZ,35.38,-23.87,23.05,100,80,5.46,1544409841,1544458719
eyrarbakki,is,1544410800,Eyrarbakki,IS,-21.15,63.86,1.0,86,90,7.7,1544439621,1544456058
svetlogorsk,ru,1544410800,Svetlogorsk,RU,59.15,53.14,-11.0,72,90,1.36,1544414767,1544442360
erzin,ru,1544412817,Erzin,RU,95.16,50.26,-34.03,40,0,1.06,1544405258,1544434580
buala,sb,1544412818,Buala,SB,159.59,-8.15,31.08,77,64,2.06,1544381799,1544427117
kapit,my,1544412819,Kapit,MY,112.94,2.02,23.08,99,92,1.31,1544394037,1544437275
neijiang,cn,1544412820,Neijiang,CN,105.06,29.59,6.0,100,48,2.01,1544399016,1544436074
poum,nc,1544412822,Poum,NC,164.02,-20.23,27.23,96,36,3.16,1544379405,1544427387
salym,ru,1544412823,Salym,RU,71.48,60.06,-12.78,72,76,1.96,1544414711,1544436494
machinga,mw,1544412824,Machinga,MW,35.3,-15.18,20.08,100,56,1.56,1544410882,1544457713
luwuk,id,1544412825,Luwuk,ID,122.79,-0.95,30.5,80,12,0.91,1544391371,1544435212
iki-burul,ru,1544410800,Iki-Burul,RU,44.65,45.82,-2.0,100,88,6.0,1544416290,1544447802
virginia beach,us,1544411700,Virginia Beach,US,-75.98,36.85,9.4,92,90,11.3,1544443559,1544478456
pangoa,pe,1544412830,Pangoa,PE,-73.0,-12.12,17.93,96,32,1.21,1544437214,1544483380
huarmey,pe,1544412831,Huarmey,PE,-78.15,-10.07,14.8,90,0,1.51,1544438670,1544484397
eskisehir,tr,1544410200,Eskisehir,TR,30.52,39.78,3.0,93,40,2.96,1544418483,1544452395
nadym,ru,1544412606,Nadym,RU,72.51,65.53,-9.53,83,88,4.31,1544418873,1544431834
arjona,co,1544410800,Arjona,CO,-75.34,10.25,27.0,88,40,3.1,1544440083,1544481630
santa rosa,bo,1544412836,Santa Rosa,BO,-64.83,-20.7,14.48,85,92,0.76,1544434284,1544482391
forestville,ca,1544410800,Forestville,CA,-69.09,48.74,-12.0,85,90,2.1,1544444303,1544474401
ciampino,it,1544412000,Ciampino,IT,12.6,41.8,14.0,93,0,1.5,1544423158,1544456324
zhezkazgan,kz,1544410800,Zhezkazgan,KZ,67.71,47.8,-6.0,100,90,1.0,1544411214,1544441805
saint-joseph,re,1544410800,Saint-Joseph,RE,55.62,-21.37,28.0,61,40,1.0,1544405290,1544453551
sao felix do xingu,br,1544412719,Sao Felix do Xingu,BR,-51.99,-6.64,22.3,100,48,0.96,1544432749,1544477757
benghazi,ly,1544412843,Benghazi,LY,20.07,32.12,19.63,100,92,10.86,1544419775,1544456123
ekibastuz,kz,1544412547,Ekibastuz,KZ,75.32,51.72,-26.75,47,32,1.56,1544410442,1544438922
great yarmouth,gb,1544412000,Great Yarmouth,GB,1.73,52.61,3.0,100,64,4.1,1544428389,1544456309
abohar,in,1544412795,Abohar,IN,74.2,30.15,13.78,92,100,4.36,1544406502,1544443406
kombissiri,bf,1544410800,Kombissiri,BF,-1.34,12.07,19.0,42,0,1.0,1544422508,1544463674
sur,om,1544412849,Sur,OM,59.53,22.57,23.88,100,0,4.71,1544409062,1544447891
caborca,mx,1544412852,Caborca,MX,-111.1,30.58,6.0,70,0,2.06,1544451055,1544487825
jhang,pk,1544409000,Jhang,PK,72.7,33.67,11.0,87,75,3.6,1544407363,1544443263
namie,jp,1544410800,Namie,JP,140.86,37.52,4.0,48,40,6.2,1544391599,1544426299
sapatgram,in,1544412855,Sapatgram,IN,90.16,26.35,18.83,63,0,1.81,1544402170,1544440075
ouadda,cf,1544412856,Ouadda,CF,22.4,8.07,15.58,58,8,3.16,1544416391,1544458393
kyenjojo,ug,1544412858,Kyenjojo,UG,30.64,0.61,13.88,93,76,1.31,1544413652,1544457176
greymouth,nz,1544412859,Greymouth,NZ,171.21,-42.45,17.43,94,64,3.06,1544374292,1544429059
lahaina,us,1544410560,Lahaina,US,-156.68,20.87,25.6,69,40,5.7,1544460775,1544499992
sindor,ru,1544412861,Sindor,RU,51.9,62.87,-6.73,88,88,2.56,1544421243,1544439361
karpogory,ru,1544412862,Karpogory,RU,44.44,64.0,-5.68,77,76,2.86,1544423985,1544440200
jieshi,cn,1544412863,Jieshi,CN,115.83,22.82,14.43,100,68,4.01,1544395574,1544434347
george town,ky,1544410800,George Town,KY,-81.37,19.29,25.0,88,0,3.36,1544442511,1544482096
chapada dos guimaraes,br,1544407200,Chapada dos Guimaraes,BR,-55.75,-15.46,26.0,78,0,2.1,1544432708,1544479605
pio xii,br,1544412867,Pio XII,BR,-45.17,-3.89,24.75,92,80,0.26,1544431394,1544475836
valleyview,ca,1544412868,Valleyview,CA,-117.28,55.07,-8.5,70,68,2.06,1544457811,1544484029
curug,rs,1544410800,Curug,RS,20.07,45.47,3.0,100,64,2.1,1544422115,1544453779
buraydah,sa,1544407200,Buraydah,SA,43.97,26.33,13.0,100,0,5.1,1544413258,1544451165
port augusta,au,1544410800,Port Augusta,AU,137.76,-32.49,25.0,44,20,9.8,1544384081,1544435325
anan,jp,1544410800,Anan,JP,134.64,33.91,7.0,52,75,2.6,1544392526,1544428360
beipiao,cn,1544412874,Beipiao,CN,120.76,41.8,-8.13,34,0,1.86,1544397184,1544430364
sulangan,ph,1544412875,Sulangan,PH,123.72,11.14,28.28,98,0,5.56,1544392384,1544433750
balkhash,kz,1544410800,Balkhash,KZ,74.98,46.84,-9.0,66,40,4.0,1544409239,1544440290
urdoma,ru,1544412878,Urdoma,RU,48.55,61.74,-5.75,90,88,2.21,1544421239,1544440974
samarai,pg,1544412879,Samarai,PG,150.67,-10.62,29.23,100,80,1.81,1544383680,1544429519
shimabara,jp,1544410800,Shimabara,JP,130.33,32.79,11.0,61,75,5.1,1544393396,1544429560
nicoya,cr,1544410800,Nicoya,CR,-85.45,10.15,27.0,65,0,7.7,1544442500,1544484068
pionerskiy,ru,1544412883,Pionerskiy,RU,62.86,61.2,-13.18,89,48,1.31,1544417452,1544437890
gharghoda,in,1544412884,Gharghoda,IN,83.36,22.18,19.05,70,8,2.01,1544403294,1544442217
ravar,ir,1544412886,Ravar,IR,56.81,31.27,-3.35,77,0,1.26,1544410832,1544447424
aanekoski,fi,1544412000,Aanekoski,FI,25.73,62.6,0.0,96,90,4.6,1544427327,1544445843
imbituba,br,1544410800,Imbituba,BR,-48.67,-28.24,23.0,73,75,5.7,1544429442,1544479476
loukhi,ru,1544412889,Loukhi,RU,33.04,66.08,-2.88,88,88,2.06,1544429112,1544440547
port macquarie,au,1544410800,Port Macquarie,AU,152.91,-31.43,26.0,65,0,6.2,1544380603,1544431528
vilcun,cl,1544410800,Vilcun,CL,-72.23,-38.65,12.0,93,0,0.66,1544433460,1544486775
qianguo,cn,1544412893,Qianguo,CN,124.86,45.12,-13.5,46,8,2.06,1544396873,1544428706
quatre cocos,mu,1544410800,Quatre Cocos,MU,57.76,-20.21,24.0,94,75,2.1,1544404915,1544452898
wuwei,cn,1544412895,Wuwei,CN,102.64,37.93,-12.7,78,8,0.31,1544400845,1544435405
kamina,cd,1544412897,Kamina,CD,25.0,-8.74,19.08,97,92,1.16,1544414047,1544459492
viedma,ar,1544412898,Viedma,AR,-62.99,-40.81,17.78,56,48,3.61,1544430834,1544484966
antalaha,mg,1544412900,Antalaha,MG,50.28,-14.9,24.65,92,32,2.76,1544407317,1544454086
karlstad,se,1544410200,Karlstad,SE,13.5,59.38,0.0,94,44,5.7,1544428275,1544450769
whyalla,au,1544410800,Whyalla,AU,137.58,-33.04,25.0,44,12,9.8,1544384040,1544435452
havre,us,1544410380,Havre,US,-109.68,48.55,-8.3,87,1,2.6,1544454002,1544484191
bollnas,se,1544412904,Bollnas,SE,16.39,61.35,-0.83,97,92,1.41,1544428712,1544448943
leh,in,1544412906,Leh,IN,77.58,34.16,-21.28,77,56,0.46,1544406265,1544442019
kashan,ir,1544407200,Kashan,IR,51.44,33.99,5.0,80,0,1.86,1544412516,1544448319
inza,ru,1544412908,Inza,RU,46.36,53.86,-4.5,92,92,3.51,1544418078,1544445190
diego de almagro,cl,1544412909,Diego de Almagro,CL,-70.05,-26.39,14.83,81,0,0.91,1544434823,1544484359
poltavka,ru,1544412910,Poltavka,RU,71.76,54.36,-18.53,70,24,2.26,1544412150,1544438922
saint-louis,sn,1544410800,Saint-Louis,SN,-16.5,16.03,21.0,43,0,3.1,1544426573,1544466887
dicabisagan,ph,1544412914,Dicabisagan,PH,122.42,17.08,26.43,99,8,2.76,1544393334,1544433423
kutum,sd,1544412846,Kutum,SD,24.66,14.2,8.98,59,0,4.01,1544416492,1544457205
vagur,fo,1544412916,Vagur,FO,-6.81,61.47,5.43,100,48,7.91,1544434363,1544454432
nagorsk,ru,1544412917,Nagorsk,RU,50.8,59.32,-5.18,93,88,3.46,1544419283,1544441851
phaltan,in,1544412918,Phaltan,IN,74.43,17.99,19.53,73,0,1.26,1544404957,1544444842
guiratinga,br,1544412920,Guiratinga,BR,-53.76,-16.35,22.83,90,0,2.66,1544432130,1544479227
matara,lk,1544412921,Matara,LK,80.54,5.95,24.58,100,92,1.61,1544402215,1544444653
wewak,pg,1544412922,Wewak,PG,143.63,-3.55,28.8,78,68,1.31,1544386104,1544430474
graaff-reinet,za,1544412923,Graaff-Reinet,ZA,24.53,-32.25,6.33,90,0,1.16,1544411295,1544462477
paranhos,br,1544407200,Paranhos,BR,-48.67,-22.59,22.0,78,0,6.2,1544430176,1544478740
kinablangan,ph,1544412926,Kinablangan,PH,126.55,7.69,25.88,100,36,4.01,1544391347,1544433429
kamiiso,jp,1544410800,Kamiiso,JP,140.65,41.82,-4.0,79,75,6.2,1544392412,1544425587
eustis,us,1544411700,Eustis,US,-100.03,40.66,-4.4,85,1,3.6,1544449992,1544483570
koslan,ru,1544412929,Koslan,RU,48.9,63.46,-5.75,81,88,2.26,1544422439,1544439605
half moon bay,us,1544411040,Half Moon Bay,US,-122.43,37.46,11.0,87,1,1.5,1544454813,1544489505
vilyuysk,ru,1544412931,Vilyuysk,RU,121.63,63.75,-30.83,70,32,2.21,1544405210,1544421913
kota kinabalu,my,1544410800,Kota Kinabalu,MY,116.07,5.98,31.0,79,75,2.1,1544393688,1544436120
araouane,ml,1544412934,Araouane,ML,-3.53,18.9,10.4,37,0,2.16,1544423778,1544463454
pedreiras,br,1544412935,Pedreiras,BR,-44.6,-4.57,21.73,99,92,1.11,1544431188,1544475769
gaya,ne,1544412936,Gaya,NE,3.46,11.88,18.28,43,0,4.56,1544421335,1544462542
lucapa,ao,1544412937,Lucapa,AO,20.74,-8.42,18.58,98,92,1.36,1544415103,1544460481
pitimbu,br,1544407200,Pitimbu,BR,-34.81,-7.47,25.0,94,0,2.1,1544428538,1544473719
tuskegee,us,1544411760,Tuskegee,US,-85.69,32.42,6.1,100,90,1.5,1544445213,1544481465
evensk,ru,1544412727,Evensk,RU,159.24,61.92,-13.43,100,0,6.11,1544394764,1544414301
balakhta,ru,1544412942,Balakhta,RU,91.62,55.38,-24.73,58,12,1.66,1544407750,1544433786
quimperle,fr,1544410800,Quimperle,FR,-3.55,47.87,7.0,93,0,2.1,1544428345,1544458890
shetpe,kz,1544412944,Shetpe,KZ,52.16,44.14,-7.1,78,0,1.96,1544414124,1544446362
kenai,us,1544410560,Kenai,US,-151.26,60.55,-3.9,80,90,4.1,1544468502,1544489652
concarneau,fr,1544410800,Concarneau,FR,-3.92,47.88,9.0,87,0,2.6,1544428436,1544458976
tucumcari,us,1544410380,Tucumcari,US,-103.73,35.17,-1.1,55,1,1.61,1544449956,1544485384
awjilah,ly,1544412914,Awjilah,LY,21.3,29.14,11.78,94,0,4.21,1544419067,1544456240
cianorte,br,1544412950,Cianorte,BR,-52.61,-23.66,19.53,68,0,3.11,1544430988,1544479820
semey,kz,1544410800,Semey,KZ,80.25,50.41,-16.0,71,0,5.0,1544408881,1544438116
baruun-urt,mn,1544412952,Baruun-Urt,MN,113.28,46.68,-22.38,72,36,2.71,1544400003,1544431135
puerto escondido,mx,1544412789,Puerto Escondido,MX,-97.07,15.86,28.55,100,8,5.26,1544445899,1544486247
dangriga,bz,1544412955,Dangriga,BZ,-88.23,16.97,26.68,88,12,3.61,1544443898,1544484003
beira,mz,1544412956,Beira,MZ,34.84,-19.84,23.05,99,80,2.36,1544410460,1544458357
madeji,pk,1544412957,Madeji,PK,68.45,27.75,13.65,95,0,2.36,1544407563,1544445106
shakiso,et,1544412958,Shakiso,ET,38.9,5.77,11.3,72,36,0.96,1544412194,1544454668
bilibino,ru,1544412959,Bilibino,RU,166.44,68.06,-38.78,73,48,0.96,0,0
amapa,br,1544412961,Amapa,BR,-56.23,-1.83,23.73,97,64,1.11,1544434260,1544478280
gabaldon,ph,1544412962,Gabaldon,PH,121.34,15.45,29.33,64,0,1.41,1544393415,1544433861
kahului,us,1544410560,Kahului,US,-156.47,20.89,25.6,68,40,9.3,1544460727,1544499940
andenes,no,1544412000,Andenes,NO,16.12,69.31,2.0,74,80,10.3,0,0
lengshuijiang,cn,1544412965,Lengshuijiang,CN,111.45,27.66,0.25,100,92,1.51,1544397226,1544434796
kalach-na-donu,ru,1544410800,Kalach-na-Donu,RU,43.52,48.69,-2.0,92,75,7.0,1544417245,1544447389
alexandria,eg,1544407200,Alexandria,EG,29.89,31.2,12.0,93,0,3.1,1544417287,1544453896
san jose de sisa,pe,1544407200,San Jose de Sisa,PE,-76.69,-6.62,17.0,290,20,0.86,1544438680,1544483685
hanstholm,dk,1544412970,Hanstholm,DK,8.61,57.12,7.08,90,8,14.51,1544428386,1544453007
atasu,kz,1544412971,Atasu,KZ,71.64,48.68,-8.35,86,92,1.41,1544410489,1544440643
butia,br,1544412972,Butia,BR,-47.57,-21.88,23.63,51,48,4.66,1544429998,1544478389
manono,cd,1544412974,Manono,CD,27.4,-7.3,18.75,98,92,1.41,1544413621,1544458765
killybegs,ie,1544412975,Killybegs,IE,-8.45,54.63,8.28,100,92,5.11,1544431511,1544458074
ryotsu,jp,1544410800,Ryotsu,JP,138.43,38.08,4.0,93,75,9.3,1544392276,1544426789
paragominas,br,1544412978,Paragominas,BR,-47.35,-3.0,22.03,98,88,1.41,1544432009,1544476268
espanola,ca,1544412979,Espanola,CA,-81.77,46.27,-4.43,88,12,2.06,1544446752,1544478041
sivas,tr,1544410200,Sivas,TR,37.01,39.75,2.0,89,75,9.8,1544416919,1544450843
biu,ng,1544412983,Biu,NG,12.19,10.61,17.4,37,0,3.76,1544419106,1544460580
yankton,us,1544410560,Yankton,US,-97.4,42.87,-10.0,91,1,2.31,1544449782,1544482517
cortez,us,1544410380,Cortez,US,-108.58,37.35,-5.0,80,1,3.1,1544451469,1544486199
anori,br,1544412987,Anori,BR,-61.66,-3.74,22.88,100,80,0.71,1544435369,1544479779
puerto ayacucho,ve,1544410800,Puerto Ayacucho,VE,-67.62,5.66,26.0,83,0,1.16,1544437756,1544480251
vanavara,ru,1544412990,Vanavara,RU,102.28,60.35,-23.88,72,88,2.81,1544407474,1544428941
pokaran,in,1544412991,Pokaran,IN,71.92,26.93,10.73,96,24,1.96,1544406624,1544444379
rafai,cf,1544412992,Rafai,CF,23.92,4.95,19.03,75,12,2.16,1544415707,1544458348
bom jesus,br,1544412994,Bom Jesus,BR,-44.36,-9.08,21.4,95,80,2.46,1544430662,1544476180
mongoumba,cf,1544412997,Mongoumba,CF,18.59,3.64,21.93,98,0,1.26,1544416853,1544459761
ahuimanu,us,1544410680,Ahuimanu,US,-157.84,21.44,23.9,88,75,3.6,1544461120,1544500204
beaverlodge,ca,1544410800,Beaverlodge,CA,-119.43,55.21,-6.0,79,90,2.1,1544458380,1544484493
ahvaz,ir,1544410800,Ahvaz,IR,48.68,31.32,12.0,87,0,1.0,1544412792,1544449369
kalmar,se,1544412000,Kalmar,SE,16.36,56.66,0.0,96,0,2.6,1544426331,1544451341
svetlaya,ru,1544413003,Svetlaya,RU,138.33,46.54,-8.2,100,44,5.46,1544393955,1544425156
black river,jm,1544410800,Black River,JM,-77.85,18.03,27.0,74,40,2.1,1544441524,1544481393
oranjemund,na,1544412914,Oranjemund,NA,16.43,-28.55,16.78,97,0,9.16,1544413773,1544463887
samfya,zm,1544413006,Samfya,ZM,29.56,-11.37,19.0,100,92,3.41,1544412674,1544458676
maniitsoq,gl,1544413007,Maniitsoq,GL,-52.9,65.42,-13.18,100,32,4.36,1544448886,1544462038
bryan,us,1544411700,Bryan,US,-96.37,30.67,6.1,95,1,1.5,1544447530,1544484277
yinchuan,cn,1544413010,Yinchuan,CN,106.21,38.48,-9.75,59,0,1.46,1544400081,1544434455
margate,za,1544412839,Margate,ZA,30.37,-30.86,18.48,100,88,5.16,1544410100,1544460868
santa isabel do rio negro,br,1544413012,Santa Isabel do Rio Negro,BR,-65.02,-0.41,23.73,98,88,0.71,1544436515,1544480246
moscow,us,1544410560,Moscow,US,-117.0,46.73,4.4,69,1,6.2,1544455318,1544486390
xining,cn,1544413016,Xining,CN,101.77,36.62,-3.83,36,0,2.26,1544400839,1544435829
luanda,ao,1544410800,Luanda,AO,13.24,-8.83,25.0,83,75,2.1,1544416861,1544462325
soyo,ao,1544413020,Soyo,AO,12.37,-6.13,22.9,98,88,1.21,1544417351,1544462252
visby,se,1544410200,Visby,SE,18.3,57.64,3.0,74,44,6.2,1544426286,1544450454
puerto madryn,ar,1544413023,Puerto Madryn,AR,-65.04,-42.77,18.48,66,0,2.11,1544430925,1544485861
mackay,au,1544410800,Mackay,AU,149.2,-21.15,29.0,74,75,8.2,1544382853,1544431055
novyy urengoy,ru,1544413025,Novyy Urengoy,RU,76.63,66.08,-9.25,92,92,5.01,1544418630,1544430098
porangatu,br,1544413026,Porangatu,BR,-49.14,-13.44,21.38,89,24,5.51,1544431344,1544477795
caucaia,br,1544407200,Caucaia,BR,-38.66,-3.73,27.0,83,75,3.1,1544429848,1544474257
naigarhi,in,1544413028,Naigarhi,IN,81.78,24.78,15.63,76,0,1.51,1544403986,1544442283
masvingo,zw,1544413031,Masvingo,ZW,30.83,-20.08,18.55,99,92,1.26,1544411395,1544459349
barcelos,br,1544413032,Barcelos,BR,-62.93,-0.97,22.75,98,56,1.16,1544435956,1544479801
kokkola,fi,1544412000,Kokkola,FI,23.13,63.84,2.0,93,90,3.6,1544428962,1544445456
udachnyy,ru,1544413034,Udachnyy,RU,112.4,66.42,-26.85,69,76,1.46,1544410558,1544420995
vorobyevka,ru,1544413035,Vorobyevka,RU,40.92,50.65,1.3,96,92,5.81,1544418394,1544447488
olbia,it,1544412000,Olbia,IT,9.49,40.92,14.0,58,0,7.7,1544423740,1544457236
ipiau,br,1544413038,Ipiau,BR,-39.73,-14.14,21.83,100,92,1.86,1544429008,1544475613
campana,ar,1544410800,Campana,AR,-58.96,-34.16,20.0,82,0,1.0,1544431039,1544482822
forest lake,us,1544411760,Forest Lake,US,-92.99,45.28,-6.7,85,1,2.06,1544449225,1544480955
tariba,ve,1544410800,Tariba,VE,-72.22,7.82,25.0,83,40,2.1,1544439082,1544481134
amazar,ru,1544413043,Amazar,RU,120.88,53.86,-29.1,55,0,1.31,1544400179,1544427308
batemans bay,au,1544412906,Batemans Bay,AU,150.18,-35.71,19.18,100,92,1.06,1544380589,1544432854
jeremie,ht,1544413046,Jeremie,HT,-74.12,18.65,25.78,98,8,2.91,1544440698,1544480428
gaoual,gn,1544413047,Gaoual,GN,-13.2,11.75,17.88,80,0,0.71,1544425322,1544466555
uvat,ru,1544413048,Uvat,RU,68.9,59.14,-15.98,75,0,2.06,1544414843,1544437600
takoradi,gh,1544413049,Takoradi,GH,-1.75,4.89,27.43,100,56,2.76,1544421863,1544464517
